time,s2,s1
80.333,"{'ax': 2.099715, 'ay': -1.266533, 'wz': -0.9749863, 'az': 12.10269, 'wx': -0.3422711, 'wy': -0.399294}","{'ax': 2.099715, 'ay': -1.266533, 'wz': -0.957533, 'az': 12.10269, 'wx': -0.3635881, 'wy': -0.273657}"
80.353,"{'ax': 2.37026, 'ay': -0.04070143, 'wz': -1.142724, 'az': 12.1793, 'wx': -0.5470475, 'wy': 0.1123139}","{'ax': 2.449268, 'ay': -0.08858546, 'wz': -1.149119, 'az': 12.05241, 'wx': -0.5479801, 'wy': 0.08513475}"
80.513,"{'ax': 3.354277, 'ay': 1.108515, 'wz': -0.136562, 'az': 14.63097, 'wx': -0.01292343, 'wy': -0.8229693}","{'ax': 3.356671, 'ay': 1.175553, 'wz': -0.1621424, 'az': 12.38042, 'wx': -0.03850383, 'wy': -0.8229693}"
80.533,"{'ax': 2.293645, 'ay': 1.527501, 'wz': 0.09792496, 'az': 9.631873, 'wx': -0.4118177, 'wy': -1.23945}","{'ax': 2.382231, 'ay': 1.510741, 'wz': 0.08486831, 'az': 9.651027, 'wx': -0.4126172, 'wy': -1.235453}"
80.553,"{'ax': 3.193865, 'ay': 1.810017, 'wz': 0.492023, 'az': 12.25113, 'wx': -0.04063553, 'wy': -1.094495}","{'ax': 3.672705, 'ay': 2.245761, 'wz': 0.4901577, 'az': 12.25113, 'wx': -0.04543185, 'wy': -1.113147}"
80.573,"{'ax': 3.569755, 'ay': -0.1556231, 'wz': 0.332412, 'az': 11.0253, 'wx': 0.2215636, 'wy': -2.251342}","{'ax': 3.646369, 'ay': -0.08858546, 'wz': 0.3404058, 'az': 10.94868, 'wx': 0.1341639, 'wy': -2.252408}"
80.593,"{'ax': 4.125209, 'ay': -3.679888, 'wz': -0.01745329, 'az': 9.028535, 'wx': 0.5445161, 'wy': -2.287847}","{'ax': 4.134786, 'ay': -3.986346, 'wz': -0.03224196, 'az': 9.181764, 'wx': 0.5335912, 'wy': -2.218167}"
80.613,"{'ax': 2.446874, 'ay': -0.01436521, 'wz': -0.3241516, 'az': 8.959103, 'wx': 0.8168407, 'wy': -1.7829}","{'ax': 2.44448, 'ay': -1.30484, 'wz': -0.3039005, 'az': 8.956709, 'wx': 0.8177733, 'wy': -1.799821}"
80.633,"{'ax': 3.057395, 'ay': 0.9169792, 'wz': -0.591147, 'az': 9.780313, 'wx': 0.9825804, 'wy': -2.256804}","{'ax': 4.862624, 'ay': 0.9074024, 'wz': -0.5799556, 'az': 19.2829, 'wx': 0.980049, 'wy': -2.191521}"
80.653,"{'ax': 4.718972, 'ay': 1.199495, 'wz': -0.5828867, 'az': 9.636662, 'wx': 0.5603705, 'wy': -2.508078}","{'ax': 4.786009, 'ay': 2.37026, 'wz': -0.5469142, 'az': 18.22706, 'wx': 0.6083338, 'wy': -2.524599}"
80.673,"{'ax': 5.509058, 'ay': 2.410961, 'wz': -0.157879, 'az': 9.765948, 'wx': -0.007594181, 'wy': -0.005196018}","{'ax': 5.204995, 'ay': 2.296039, 'wz': -0.141758, 'az': 9.797073, 'wx': -0.005462481, 'wy': -0.01851914}"
80.693,"{'ax': 7.237672, 'ay': 1.462857, 'wz': 0.03384073, 'az': 9.804255, 'wx': 0.1276355, 'wy': -1.845253}","{'ax': 6.739678, 'ay': 1.482011, 'wz': 0.03397397, 'az': 9.651027, 'wx': 0.1277688, 'wy': -1.844187}"
80.713,"{'ax': 7.024588, 'ay': 0.5865794, 'wz': 0.2212971, 'az': 7.57286, 'wx': 0.5049464, 'wy': -1.510975}","{'ax': 7.043741, 'ay': 0.5865794, 'wz': 0.2141026, 'az': 7.659051, 'wx': 0.4938882, 'wy': -1.501383}"
80.733,"{'ax': 6.040571, 'ay': 0.248997, 'wz': 0.268461, 'az': 8.499416, 'wx': 0.8184396, 'wy': -1.279153}","{'ax': 5.98311, 'ay': 0.2561796, 'wz': 0.2727244, 'az': 8.50181, 'wx': 0.8088469, 'wy': -1.280219}"
80.753,"{'ax': 7.343017, 'ay': -0.617704, 'wz': 1.067315, 'az': 7.343017, 'wx': 1.085968, 'wy': -0.2752557}","{'ax': 7.343017, 'ay': -0.617704, 'wz': 0.5253308, 'az': 7.352593, 'wx': 1.085968, 'wy': -0.4116846}"
80.773,"{'ax': 7.33344, 'ay': -0.7805098, 'wz': 1.084369, 'az': 9.765948, 'wx': -0.5501118, 'wy': 0.9375483}","{'ax': 6.861782, 'ay': -0.926556, 'wz': 1.050662, 'az': 9.19134, 'wx': -0.004396631, 'wy': 1.091164}"
80.793,"{'ax': 5.580884, 'ay': -0.1747767, 'wz': 1.490591, 'az': 19.49599, 'wx': -2.545516, 'wy': 3.337443}","{'ax': 5.664681, 'ay': -0.002394202, 'wz': 1.48353, 'az': 19.60133, 'wx': -2.500217, 'wy': 4.308832}"
80.813,"{'ax': 4.896142, 'ay': 0.4908113, 'wz': 1.432369, 'az': 9.114726, 'wx': -2.217234, 'wy': 3.797357}","{'ax': 4.876989, 'ay': 0.5674258, 'wz': 1.433968, 'az': 9.107543, 'wx': -2.232023, 'wy': 4.365588}"
80.833,"{'ax': 3.651158, 'ay': -0.1747767, 'wz': 1.088099, 'az': 9.799467, 'wx': -2.183527, 'wy': 2.548314}","{'ax': 3.651158, 'ay': -0.1843535, 'wz': 1.088099, 'az': 9.665392, 'wx': -2.221631, 'wy': 2.530195}"
80.853,"{'ax': 2.449268, 'ay': -1.343147, 'wz': 0.4944212, 'az': 9.07163, 'wx': -0.04303369, 'wy': 0.8021852}","{'ax': 2.434903, 'ay': -1.266533, 'wz': 0.5282619, 'az': 8.995016, 'wx': -0.1141792, 'wy': 1.080106}"
80.873,"{'ax': 3.598485, 'ay': -2.530671, 'wz': 0.2382174, 'az': 8.882488, 'wx': 1.19242, 'wy': -1.040403}","{'ax': 3.598485, 'ay': -2.549825, 'wz': 0.2343538, 'az': 8.865729, 'wx': 2.182194, 'wy': -0.9589985}"
80.893,"{'ax': 4.129998, 'ay': -1.228225, 'wz': -0.0001332312, 'az': 9.698911, 'wx': 2.177398, 'wy': -1.790761}","{'ax': 4.115633, 'ay': -1.323994, 'wz': -0.01305666, 'az': 9.651027, 'wx': 2.171803, 'wy': -1.778637}"
80.913,"{'ax': 5.513846, 'ay': -0.2705448, 'wz': 0.266196, 'az': 17.14488, 'wx': 0.7712756, 'wy': 0.6068683}","{'ax': 6.064513, 'ay': -0.6153098, 'wz': 0.2673951, 'az': 17.13051, 'wx': 0.8642711, 'wy': 0.5285283}"
80.933,"{'ax': 4.747702, 'ay': -0.6536171, 'wz': 1.083836, 'az': 9.799467, 'wx': -0.5491792, 'wy': 1.634348}","{'ax': 4.819528, 'ay': -0.7685388, 'wz': 1.073444, 'az': 9.799467, 'wx': -0.09419449, 'wy': 1.666057}"
80.953,"{'ax': 4.900931, 'ay': -0.02154782, 'wz': 0.5138729, 'az': 9.651027, 'wx': -0.8552114, 'wy': 0.8259005}","{'ax': 4.805163, 'ay': -0.002394202, 'wz': 0.5200015, 'az': 9.684546, 'wx': -0.8554778, 'wy': 0.8352267}"
81.013,"{'ax': 4.288015, 'ay': -1.30484, 'wz': 0.1021884, 'az': 10.97742, 'wx': 0.5279954, 'wy': 0.2359525}","{'ax': 4.27365, 'ay': -1.438915, 'wz': 0.09685911, 'az': 10.98939, 'wx': 0.5327918, 'wy': 0.2383507}"
81.033,"{'ax': 4.900931, 'ay': -2.185906, 'wz': 0.2716585, 'az': 19.60372, 'wx': 0.2374181, 'wy': -0.0006661562}","{'ax': 4.010288, 'ay': -2.161964, 'wz': 0.2716585, 'az': 10.63744, 'wx': 0.2332879, 'wy': -0.03424043}"
81.093,"{'ax': 3.641581, 'ay': -0.9361328, 'wz': -0.01732006, 'az': 18.87349, 'wx': 0.5114747, 'wy': -0.08113783}","{'ax': 3.545813, 'ay': -0.9217676, 'wz': -0.01132466, 'az': 9.792285, 'wx': 0.5379877, 'wy': -0.0001332312}"
81.113,"{'ax': 4.211401, 'ay': -0.9409212, 'wz': -0.04330016, 'az': 18.89983, 'wx': 0.2725911, 'wy': -0.0007993876}","{'ax': 4.209007, 'ay': -0.9217676, 'wz': -0.05182695, 'az': 18.97884, 'wx': 0.2695268, 'wy': -0.008660031}"
81.173,"{'ax': 4.288015, 'ay': -1.247379, 'wz': 0.1823936, 'az': 9.765948, 'wx': -0.0001332312, 'wy': 0.3665192}","{'ax': 4.249708, 'ay': -1.271321, 'wz': 0.2709923, 'az': 19.20868, 'wx': -0.002398162, 'wy': 0.375046}"
81.233,"{'ax': 4.065354, 'ay': -1.23062, 'wz': 0.2045099, 'az': 9.804255, 'wx': 0.2556708, 'wy': -0.2562037}","{'ax': 4.132392, 'ay': -1.233014, 'wz': 0.2042435, 'az': 9.799467, 'wx': 0.2543385, 'wy': -0.2602006}"
81.253,"{'ax': 3.6751, 'ay': -0.05027823, 'wz': 0.1704028, 'az': 19.30445, 'wx': 0.1120475, 'wy': -0.07314395}","{'ax': 3.6751, 'ay': -0.05985504, 'wz': 0.1658729, 'az': 19.21586, 'wx': 0.1352297, 'wy': -0.08326953}"
81.313,"{'ax': 4.876989, 'ay': -0.7876924, 'wz': 0.06701532, 'az': 9.651027, 'wx': 0.2182328, 'wy': -0.207974}","{'ax': 4.879383, 'ay': -0.9313444, 'wz': 0.06568301, 'az': 9.569624, 'wx': 0.2173002, 'wy': -0.2283584}"
81.373,"{'ax': 4.891354, 'ay': -0.1604115, 'wz': 0.05529098, 'az': 9.519346, 'wx': 0.2548714, 'wy': -0.3328116}","{'ax': 4.821922, 'ay': -0.1604115, 'wz': 0.05822206, 'az': 9.775525, 'wx': 0.2539388, 'wy': -0.3241516}"
81.473,"{'ax': 4.738125, 'ay': -0.9217676, 'wz': 0.1020551, 'az': 9.574412, 'wx': 0.1356294, 'wy': -0.0005329249}","{'ax': 4.733337, 'ay': -0.926556, 'wz': 0.0997902, 'az': 9.651027, 'wx': 0.1361623, 'wy': -0.0002664625}"
81.533,"{'ax': 4.766856, 'ay': -0.6775591, 'wz': -0.001199081, 'az': 9.497798, 'wx': 0.2680613, 'wy': -0.09899081}","{'ax': 4.900931, 'ay': -0.6631939, 'wz': -0.003064319, 'az': 9.49301, 'wx': 0.2724579, 'wy': -0.1024548}"
81.593,"{'ax': 4.896142, 'ay': -0.002394202, 'wz': 0.1983813, 'az': 8.425196, 'wx': 0.2530061, 'wy': 0.2748561}","{'ax': 4.900931, 'ay': -0.002394202, 'wz': 0.1821271, 'az': 8.578424, 'wx': 0.2639311, 'wy': 0.5449158}"
81.613,"{'ax': 4.517859, 'ay': 0.6105214, 'wz': 0.4048898, 'az': 9.765948, 'wx': 0.4549847, 'wy': 0.5759587}","{'ax': 4.46758, 'ay': 1.106121, 'wz': 0.4048898, 'az': 7.462727, 'wx': 0.4080873, 'wy': 0.5571731}"
81.713,"{'ax': 3.651158, 'ay': -2.454057, 'wz': -0.07047933, 'az': 18.99081, 'wx': -0.004529862, 'wy': 3.802286}","{'ax': 3.462016, 'ay': -2.456451, 'wz': -0.137095, 'az': 18.68674, 'wx': -0.444193, 'wy': 4.364256}"
81.833,"{'ax': 4.029441, 'ay': 1.209072, 'wz': -0.1029878, 'az': 17.31247, 'wx': 4.019587, 'wy': -2.472905}","{'ax': 2.363077, 'ay': 1.218649, 'wz': -0.1040536, 'az': 19.04587, 'wx': 4.006797, 'wy': -2.643574}"
81.853,"{'ax': -0.03112462, 'ay': 2.408567, 'wz': -0.02358193, 'az': 7.271191, 'wx': 1.720149, 'wy': 4.365588}","{'ax': -0.007182605, 'ay': 1.221043, 'wz': -0.0003996938, 'az': -1.307234, 'wx': 1.90987, 'wy': 4.365588}"
81.873,"{'ax': -0.866701, 'ay': 4.891354, 'wz': -1.409453, 'az': 18.67238, 'wx': 0.628585, 'wy': -2.786265}","{'ax': -1.419762, 'ay': 4.584896, 'wz': -1.11821, 'az': 19.6127, 'wx': 0.6093997, 'wy': -2.217101}"
82.033,"{'ax': 1.223437, 'ay': 4.671088, 'wz': -0.001199081, 'az': 19.60133, 'wx': -0.003330781, 'wy': -0.0002664625}","{'ax': 1.223437, 'ay': 4.63278, 'wz': -0.0273124, 'az': 19.60133, 'wx': -0.003330781, 'wy': -0.06195252}"
82.053,"{'ax': 2.269703, 'ay': 2.449268, 'wz': -0.002264931, 'az': 10.33337, 'wx': -0.001199081, 'wy': -0.01718683}","{'ax': 2.13084, 'ay': 2.449268, 'wz': -0.002531394, 'az': 10.29267, 'wx': -0.03477335, 'wy': -0.01732006}"
82.113,"{'ax': 2.291251, 'ay': 2.291251, 'wz': -0.01718683, 'az': 10.41717, 'wx': -0.01732006, 'wy': -0.0003996938}","{'ax': 2.272097, 'ay': 2.291251, 'wz': -0.01771976, 'az': 10.41717, 'wx': -0.01718683, 'wy': -0.0001332312}"
82.173,"{'ax': 2.3535, 'ay': 4.819528, 'wz': -0.02371516, 'az': 19.60851, 'wx': -0.01758652, 'wy': 0.008393569}","{'ax': 2.293645, 'ay': 4.848258, 'wz': -0.02184992, 'az': 19.61091, 'wx': -0.02384839, 'wy': 0.008127107}"
82.233,"{'ax': 2.087744, 'ay': 2.331953, 'wz': -0.02358193, 'az': 10.41717, 'wx': -0.003863707, 'wy': 0.02811179}","{'ax': 2.142811, 'ay': 2.372654, 'wz': -0.0009326189, 'az': 10.25437, 'wx': -0.0002664625, 'wy': 0.01692037}"
82.373,"{'ax': 2.066196, 'ay': 2.449268, 'wz': -0.0001332312, 'az': 10.26394, 'wx': 0.07447627, 'wy': 0.03384073}","{'ax': 2.104503, 'ay': 2.410961, 'wz': -0.02251608, 'az': 10.37886, 'wx': 0.07540888, 'wy': 0.03277488}"
82.393,"{'ax': 2.066196, 'ay': 2.446874, 'wz': -0.01732006, 'az': 10.21606, 'wx': -0.01931853, 'wy': 0.01585452}","{'ax': 2.066196, 'ay': 2.439692, 'wz': -0.01945176, 'az': 10.21606, 'wx': -0.01718683, 'wy': 0.01159112}"
82.413,"{'ax': 2.061408, 'ay': 2.372654, 'wz': -0.01985146, 'az': 10.25437, 'wx': -0.03424043, 'wy': -0.001865238}","{'ax': 2.037466, 'ay': 2.37026, 'wz': -0.01838591, 'az': 10.22085, 'wx': -0.03637213, 'wy': -0.001332312}"
82.513,"{'ax': 2.063802, 'ay': 2.39899, 'wz': -0.01745329, 'az': 10.41717, 'wx': -0.003064319, 'wy': 0.01452221}","{'ax': 2.027889, 'ay': 2.430115, 'wz': -0.02171669, 'az': 10.32859, 'wx': -0.0007993876, 'wy': 0.01665391}"
82.573,"{'ax': 2.126051, 'ay': 2.410961, 'wz': -0.0007993876, 'az': 10.26155, 'wx': -0.02145023, 'wy': -0.004663095}","{'ax': 2.066196, 'ay': 2.439692, 'wz': -0.02637979, 'az': 10.21127, 'wx': -0.01732006, 'wy': -0.002264931}"
82.713,"{'ax': 2.061408, 'ay': 2.439692, 'wz': -0.009725882, 'az': 10.24479, 'wx': -0.03050995, 'wy': 0.05089434}","{'ax': 2.066196, 'ay': 2.298434, 'wz': -0.009459419, 'az': 10.35253, 'wx': -0.02624655, 'wy': 0.04676417}"
82.733,"{'ax': 2.042254, 'ay': 2.39899, 'wz': -0.0002664625, 'az': 19.53429, 'wx': -0.01079173, 'wy': 0.023049}","{'ax': 2.059013, 'ay': 2.360683, 'wz': -0.002797856, 'az': 19.53429, 'wx': -0.009459419, 'wy': 0.02358193}"
82.793,"{'ax': 1.221043, 'ay': 2.44448, 'wz': -0.005196018, 'az': 10.83855, 'wx': 0.08460183, 'wy': -0.02717917}","{'ax': 1.182736, 'ay': 4.673482, 'wz': -0.0001332312, 'az': 10.75954, 'wx': 0.08486831, 'wy': -0.0001332312}"
82.813,"{'ax': 2.133234, 'ay': 2.430115, 'wz': -0.0001332312, 'az': 10.4052, 'wx': 0.08273661, 'wy': 0.003464013}","{'ax': 2.142811, 'ay': 4.699818, 'wz': -0.0002664625, 'az': 10.33337, 'wx': 0.07634151, 'wy': -0.002531394}"
82.833,"{'ax': 2.123657, 'ay': 2.446874, 'wz': -0.01958499, 'az': 10.14902, 'wx': 0.09246248, 'wy': 0.008393569}","{'ax': 2.056619, 'ay': 2.449268, 'wz': -0.01985146, 'az': 10.17775, 'wx': 0.09366156, 'wy': 0.006261868}"
82.933,"{'ax': 2.382231, 'ay': 2.377442, 'wz': -0.08660031, 'az': 19.56063, 'wx': -0.2740567, 'wy': -0.2306233}","{'ax': 2.346318, 'ay': 2.334347, 'wz': -0.08553446, 'az': 19.5702, 'wx': -0.3446692, 'wy': -0.2220965}"
82.953,"{'ax': 0.9935937, 'ay': 2.288857, 'wz': -0.0006661562, 'az': 11.03009, 'wx': 0.2723247, 'wy': -0.02358193}","{'ax': 1.204283, 'ay': 2.391808, 'wz': -0.003330781, 'az': 10.39802, 'wx': 0.2386172, 'wy': -0.01718683}"
82.973,"{'ax': 0.9169792, 'ay': 4.833893, 'wz': -0.0001332312, 'az': 10.63504, 'wx': 0.1336309, 'wy': -0.08859878}","{'ax': 0.9121908, 'ay': 4.853047, 'wz': -0.01798622, 'az': 10.6949, 'wx': 0.1171103, 'wy': -0.08873201}"
82.993,"{'ax': 0.9792285, 'ay': 4.8722, 'wz': -0.009725882, 'az': 19.33557, 'wx': -0.03850383, 'wy': -0.0524931}","{'ax': 1.221043, 'ay': 4.747702, 'wz': -0.01292343, 'az': 9.792285, 'wx': -0.03477335, 'wy': -0.05129403}"
83.013,"{'ax': 1.146823, 'ay': 2.449268, 'wz': -0.003330781, 'az': 10.26155, 'wx': -0.03437366, 'wy': 0.007860644}","{'ax': 1.142034, 'ay': 2.427721, 'wz': -0.0001332312, 'az': 10.33816, 'wx': -0.03757122, 'wy': -0.0006661562}"
83.033,"{'ax': 1.204283, 'ay': 4.819528, 'wz': -0.001199081, 'az': 10.24479, 'wx': 0.1349633, 'wy': 0.06808116}","{'ax': 1.204283, 'ay': 4.819528, 'wz': -0.001199081, 'az': 10.24479, 'wx': 0.1349633, 'wy': 0.06808116}"
83.053,"{'ax': 1.175553, 'ay': 2.430115, 'wz': -0.004663095, 'az': 19.60133, 'wx': -0.03104288, 'wy': 0.008393569}","{'ax': 1.144428, 'ay': 2.430115, 'wz': -0.001865238, 'az': 19.60851, 'wx': -0.03064319, 'wy': 0.007860644}"
83.113,"{'ax': 0.6464345, 'ay': 1.778892, 'wz': -0.06941348, 'az': 10.35492, 'wx': -0.03424043, 'wy': 0.1120475}","{'ax': -0.1292869, 'ay': 2.142811, 'wz': -0.07700766, 'az': 11.03009, 'wx': -0.03424043, 'wy': 0.1176432}"
83.133,"{'ax': -1.007959, 'ay': -0.02154782, 'wz': -0.01318989, 'az': 9.342175, 'wx': -0.2732573, 'wy': 2.177265}","{'ax': -0.04070143, 'ay': -0.4668693, 'wz': -0.07034609, 'az': 8.884883, 'wx': -0.307631, 'wy': 2.293576}"
83.153,"{'ax': -0.3184288, 'ay': 2.296039, 'wz': -0.2772542, 'az': 14.66688, 'wx': -0.8208377, 'wy': 1.480332}","{'ax': -0.5482722, 'ay': 2.44448, 'wz': -0.2985712, 'az': 14.66927, 'wx': -0.8189725, 'wy': 1.500583}"
83.213,"{'ax': -0.5865794, 'ay': 2.446874, 'wz': -0.0106585, 'az': 9.804255, 'wx': -0.01931853, 'wy': 0.6348469}","{'ax': -0.3136404, 'ay': 1.833959, 'wz': -0.001199081, 'az': 9.765948, 'wx': -0.06834763, 'wy': 0.6436401}"
83.233,"{'ax': -0.02154782, 'ay': 2.904167, 'wz': -0.03424043, 'az': 19.52472, 'wx': -0.4809648, 'wy': 0.6468377}","{'ax': -0.04070143, 'ay': 2.712631, 'wz': -0.03424043, 'az': 19.60372, 'wx': -0.4303369, 'wy': 0.6431072}"
83.253,"{'ax': -0.5195417, 'ay': 2.403779, 'wz': -0.07820674, 'az': 9.674969, 'wx': -0.734637, 'wy': 1.768645}","{'ax': -0.002394202, 'ay': 2.410961, 'wz': -0.06981317, 'az': 9.770737, 'wx': -0.7183828, 'wy': 1.73587}"
83.273,"{'ax': 0.9816227, 'ay': 2.985569, 'wz': -0.07154518, 'az': 9.78989, 'wx': -0.01985146, 'wy': 2.721115}","{'ax': 1.060631, 'ay': 3.052607, 'wz': -0.02837825, 'az': 9.799467, 'wx': -0.0021317, 'wy': 2.453187}"
83.293,"{'ax': -1.017536, 'ay': 1.821988, 'wz': -0.1240383, 'az': 10.9439, 'wx': -1.177897, 'wy': 2.514207}","{'ax': -0.002394202, 'ay': 1.807622, 'wz': -0.129634, 'az': 10.9439, 'wx': -1.364954, 'wy': 2.523799}"
83.313,"{'ax': -1.872266, 'ay': 2.446874, 'wz': -0.07740736, 'az': 11.91115, 'wx': -0.6822772, 'wy': 1.734937}","{'ax': -1.853112, 'ay': 2.41575, 'wz': -0.06834763, 'az': 11.83454, 'wx': -0.712121, 'wy': 1.773308}"
83.333,"{'ax': -5.576096, 'ay': 0.5913678, 'wz': 0.05742266, 'az': 19.6127, 'wx': 1.036406, 'wy': -1.793426}","{'ax': -4.908113, 'ay': -0.007182605, 'wz': 0.04156815, 'az': 19.05545, 'wx': 0.5455819, 'wy': -1.227992}"
83.353,"{'ax': -0.01197101, 'ay': 1.18513, 'wz': 0.2727244, 'az': 7.702147, 'wx': 1.188023, 'wy': -1.537089}","{'ax': -0.3950433, 'ay': 0.5985504, 'wz': 0.2727244, 'az': 7.965509, 'wx': 1.20108, 'wy': -1.637279}"
83.373,"{'ax': -0.02154782, 'ay': 4.699818, 'wz': 0.1871899, 'az': 9.035717, 'wx': 0.06808116, 'wy': 0.2671287}","{'ax': -1.323994, 'ay': 2.257732, 'wz': 0.1821271, 'az': 9.804255, 'wx': 0.09952374, 'wy': 0.2300904}"
83.393,"{'ax': -0.6200982, 'ay': 1.984793, 'wz': 0.2554043, 'az': 9.344569, 'wx': -0.3477335, 'wy': 0.5431838}","{'ax': -0.6392518, 'ay': 2.214637, 'wz': 0.2554043, 'az': 9.497798, 'wx': -0.3241516, 'wy': 0.4687075}"
83.413,"{'ax': -2.770091, 'ay': 1.209072, 'wz': -0.002264931, 'az': 11.33176, 'wx': -0.02571363, 'wy': -0.4266065}","{'ax': -2.501941, 'ay': 1.113304, 'wz': -0.005462481, 'az': 12.21282, 'wx': -0.04330016, 'wy': -0.4094196}"
83.433,"{'ax': -0.1005565, 'ay': 2.449268, 'wz': 0.1271026, 'az': 11.0253, 'wx': -0.03450689, 'wy': 0.2542052}","{'ax': -1.996764, 'ay': 1.529895, 'wz': 0.1232389, 'az': 11.02051, 'wx': -0.03450689, 'wy': 0.2464778}"
83.493,"{'ax': -2.090138, 'ay': 2.296039, 'wz': 0.09792496, 'az': 10.64701, 'wx': 0.2704594, 'wy': -0.1472205}","{'ax': -2.070984, 'ay': 2.291251, 'wz': 0.09286218, 'az': 10.60871, 'wx': 0.2725911, 'wy': -0.008660031}"
83.513,"{'ax': -1.922544, 'ay': 2.37026, 'wz': 0.1356294, 'az': 10.80024, 'wx': 0.5455819, 'wy': -0.0006661562}","{'ax': -1.850718, 'ay': 1.45328, 'wz': 0.1338974, 'az': 10.98699, 'wx': 0.5427841, 'wy': -0.5212006}"
83.533,"{'ax': -0.09816227, 'ay': 1.051055, 'wz': 0.1107152, 'az': 11.03009, 'wx': 0.8173737, 'wy': -0.004663095}","{'ax': -0.09816227, 'ay': 1.027112, 'wz': 0.1179097, 'az': 11.02769, 'wx': 0.7997871, 'wy': -1.078773}"
83.553,"{'ax': 4.805163, 'ay': 2.449268, 'wz': -0.03690505, 'az': 11.99734, 'wx': 1.007095, 'wy': -1.09636}","{'ax': 0.4333505, 'ay': 1.831564, 'wz': -0.03703828, 'az': 11.00615, 'wx': 1.088633, 'wy': -1.584919}"
83.573,"{'ax': -2.760514, 'ay': 4.517859, 'wz': 0.3361424, 'az': 9.344569, 'wx': 0.4763017, 'wy': -1.92719}","{'ax': -0.6153098, 'ay': 4.508282, 'wz': 0.5413185, 'az': 18.22706, 'wx': 0.5088101, 'wy': -1.997803}"
83.593,"{'ax': -1.960851, 'ay': 2.427721, 'wz': -0.01718683, 'az': 11.94707, 'wx': -0.04276723, 'wy': -1.910803}","{'ax': -1.879448, 'ay': 2.430115, 'wz': -0.02251608, 'az': 11.91115, 'wx': -0.0294441, 'wy': -1.912268}"
83.613,"{'ax': -1.458069, 'ay': 1.68073, 'wz': -0.0003996938, 'az': 11.78666, 'wx': 0.237951, 'wy': -1.925325}","{'ax': -1.534683, 'ay': 1.836353, 'wz': -0.0001332312, 'az': 11.74595, 'wx': 0.2042435, 'wy': -1.925058}"
83.633,"{'ax': 1.223437, 'ay': 2.248155, 'wz': 0.161876, 'az': 11.94707, 'wx': 0.5386539, 'wy': -2.221364}","{'ax': 1.070208, 'ay': 2.293645, 'wz': 0.1533492, 'az': 11.0253, 'wx': 0.5453155, 'wy': -2.205643}"
83.653,"{'ax': 1.989582, 'ay': 2.219425, 'wz': 0.03397397, 'az': 10.99896, 'wx': 0.3960965, 'wy': -2.528862}","{'ax': 1.989582, 'ay': 1.836353, 'wz': 0.02864472, 'az': 11.02769, 'wx': 0.4006264, 'wy': -2.558306}"
83.713,"{'ax': 2.288857, 'ay': 2.449268, 'wz': 0.1827933, 'az': 12.04762, 'wx': 0.4076876, 'wy': -2.916299}","{'ax': 2.432509, 'ay': 2.449268, 'wz': 0.2045099, 'az': 12.18409, 'wx': 0.3737136, 'wy': -2.86727}"
83.733,"{'ax': 4.671088, 'ay': 2.382231, 'wz': -0.03424043, 'az': 11.02051, 'wx': 0.8139096, 'wy': -3.583521}","{'ax': 4.671088, 'ay': 2.430115, 'wz': -0.01825268, 'az': 11.03009, 'wx': 0.8137764, 'wy': -3.549413}"
83.753,"{'ax': 4.589684, 'ay': 1.221043, 'wz': -0.4781669, 'az': 19.59893, 'wx': 0.6455054, 'wy': -4.242483}","{'ax': 4.455609, 'ay': 1.060631, 'wz': -0.4286049, 'az': 10.83376, 'wx': 0.6777473, 'wy': -4.232623}"
83.773,"{'ax': 4.575319, 'ay': 1.836353, 'wz': -0.6825437, 'az': 9.744401, 'wx': 0.6805452, 'wy': -4.31163}","{'ax': 4.589684, 'ay': 1.757344, 'wz': -0.5650337, 'az': 19.06503, 'wx': 0.6820107, 'wy': -4.301904}"
83.793,"{'ax': 4.900931, 'ay': 2.372654, 'wz': -0.9573997, 'az': 8.726865, 'wx': 0.9883094, 'wy': -3.790296}","{'ax': 4.876989, 'ay': 2.296039, 'wz': -0.9827136, 'az': 8.870518, 'wx': 1.085435, 'wy': -3.27549}"
83.813,"{'ax': 5.509058, 'ay': 3.593697, 'wz': -0.9897749, 'az': 8.327033, 'wx': 1.227593, 'wy': -3.285083}","{'ax': 5.430049, 'ay': 3.445256, 'wz': -0.9897749, 'az': 8.406042, 'wx': 1.226793, 'wy': -3.276156}"
83.833,"{'ax': 4.900931, 'ay': 3.023877, 'wz': -1.016954, 'az': 9.3733, 'wx': 1.208541, 'wy': -3.002632}","{'ax': 4.900931, 'ay': 2.985569, 'wz': -1.014822, 'az': 9.3733, 'wx': 1.227593, 'wy': -3.149187}"
83.853,"{'ax': 5.973533, 'ay': 4.589684, 'wz': -0.8248346, 'az': 7.326257, 'wx': 1.043201, 'wy': -2.62732}","{'ax': 5.465962, 'ay': 4.460398, 'wz': -0.8200384, 'az': 9.109938, 'wx': 1.043867, 'wy': -2.592813}"
83.873,"{'ax': 5.966351, 'ay': 4.230555, 'wz': -0.5650337, 'az': 7.271191, 'wx': 1.090897, 'wy': -2.151551}","{'ax': 5.935226, 'ay': 4.173094, 'wz': -0.5479801, 'az': 7.352593, 'wx': 1.091164, 'wy': -2.16594}"
83.893,"{'ax': 7.266402, 'ay': 4.860229, 'wz': -0.4147489, 'az': 7.266402, 'wx': 1.014023, 'wy': -1.778237}","{'ax': 7.33344, 'ay': 4.709395, 'wz': -0.4270061, 'az': 7.261614, 'wx': 1.023083, 'wy': -1.773974}"
83.953,"{'ax': 7.311892, 'ay': 4.747702, 'wz': -0.350265, 'az': 7.352593, 'wx': 0.5343905, 'wy': -0.9210276}","{'ax': 7.350199, 'ay': 4.891354, 'wz': -0.3438698, 'az': 7.266402, 'wx': 0.5343905, 'wy': -0.9263569}"
83.973,"{'ax': 7.888895, 'ay': 4.747702, 'wz': -0.3028346, 'az': 9.397242, 'wx': 0.4086203, 'wy': -1.065983}","{'ax': 7.888895, 'ay': 4.728549, 'wz': -0.3161578, 'az': 9.40203, 'wx': 0.3962297, 'wy': -1.07451}"
83.993,"{'ax': 7.338228, 'ay': 5.588067, 'wz': -0.0007993876, 'az': 9.804255, 'wx': 0.2727244, 'wy': -0.8192389}","{'ax': 7.321469, 'ay': 6.126762, 'wz': -0.03530628, 'az': 9.718064, 'wx': 0.4933553, 'wy': -0.8187059}"
84.053,"{'ax': 6.701371, 'ay': 4.582502, 'wz': 0.2713921, 'az': 5.65271, 'wx': -0.002797856, 'wy': -0.6504349}","{'ax': 6.622362, 'ay': 4.900931, 'wz': 0.2727244, 'az': 5.679047, 'wx': -0.0001332312, 'wy': -0.6492358}"
84.073,"{'ax': 7.043741, 'ay': 4.517859, 'wz': 0.5447826, 'az': 9.746795, 'wx': -0.05555742, 'wy': -0.6163278}","{'ax': 7.036559, 'ay': 4.592079, 'wz': 0.5455819, 'az': 9.794679, 'wx': -0.05129403, 'wy': -0.6143293}"
84.133,"{'ax': 7.639898, 'ay': 4.441244, 'wz': -0.008926495, 'az': 9.497798, 'wx': 0.1288346, 'wy': -0.7049265}","{'ax': 7.582437, 'ay': 4.43885, 'wz': -0.008660031, 'az': 9.49301, 'wx': 0.1360291, 'wy': -0.7003966}"
84.233,"{'ax': 7.888895, 'ay': 4.570531, 'wz': 0.03130934, 'az': 4.881777, 'wx': 0.232755, 'wy': -0.243147}","{'ax': 7.888895, 'ay': 4.570531, 'wz': 0.02931087, 'az': 4.881777, 'wx': 0.2370184, 'wy': -0.2452787}"
84.253,"{'ax': 7.659051, 'ay': 4.58729, 'wz': 0.1362956, 'az': 4.72376, 'wx': -0.0001332312, 'wy': -0.1983813}","{'ax': 7.807492, 'ay': 4.594473, 'wz': 0.1320322, 'az': 4.742914, 'wx': -0.004929556, 'wy': -0.2107718}"
84.353,"{'ax': 7.922413, 'ay': 4.580108, 'wz': 0.3723813, 'az': 6.727707, 'wx': -0.2735238, 'wy': 1.210672}","{'ax': 7.946355, 'ay': 4.821922, 'wz': 0.3705161, 'az': 6.701371, 'wx': -0.2760551, 'wy': 1.210539}"
84.433,"{'ax': 6.576872, 'ay': 4.900931, 'wz': 1.005896, 'az': 8.884883, 'wx': -1.189622, 'wy': 3.268828}","{'ax': 6.509834, 'ay': 3.6751, 'wz': 0.9538025, 'az': 8.645462, 'wx': -1.093695, 'wy': 3.000101}"
84.499,"{'ax': 7.19697, 'ay': 2.401384, 'wz': 1.395997, 'az': 8.042124, 'wx': -3.003432, 'wy': 3.953104}","{'ax': 7.33344, 'ay': 2.351106, 'wz': 1.406522, 'az': 8.090008, 'wx': -2.182994, 'wy': 4.059423}"
84.519,"{'ax': 6.720524, 'ay': 3.004723, 'wz': 2.108651, 'az': 9.651027, 'wx': -1.296207, 'wy': 1.824335}","{'ax': 6.720524, 'ay': 3.004723, 'wz': 2.096394, 'az': 9.651027, 'wx': -1.647937, 'wy': 1.807548}"
84.539,"{'ax': 4.783615, 'ay': 0.8212111, 'wz': 1.314326, 'az': 9.44752, 'wx': -0.06834763, 'wy': 3.325319}","{'ax': 4.553771, 'ay': 0.8834604, 'wz': 1.363755, 'az': 9.332599, 'wx': -0.1453553, 'wy': 3.274024}"
84.559,"{'ax': 4.505888, 'ay': 0.533907, 'wz': 1.018819, 'az': 8.271967, 'wx': -0.1558805, 'wy': 4.365588}","{'ax': 4.27365, 'ay': 0.5722142, 'wz': 1.048663, 'az': 8.343793, 'wx': -0.1537489, 'wy': 4.342139}"
84.579,"{'ax': 4.704607, 'ay': 0.4572925, 'wz': 0.8183064, 'az': 8.53054, 'wx': -0.6247213, 'wy': 4.365588}","{'ax': 4.900931, 'ay': 0.581791, 'wz': 0.8184396, 'az': 8.836999, 'wx': -0.6018055, 'wy': 4.365588}"
84.599,"{'ax': 1.596933, 'ay': 0.8355764, 'wz': 0.5113415, 'az': 11.03009, 'wx': -1.102755, 'wy': 4.365588}","{'ax': 1.759738, 'ay': 0.5913678, 'wz': 0.5367887, 'az': 10.98939, 'wx': -0.147487, 'wy': 4.365588}"
84.619,"{'ax': 2.442086, 'ay': 0.9169792, 'wz': -0.07687443, 'az': 14.55435, 'wx': -0.8534793, 'wy': 3.634415}","{'ax': 2.348712, 'ay': 0.7876924, 'wz': -0.006928025, 'az': 14.698, 'wx': -0.8871869, 'wy': 3.815609}"
84.639,"{'ax': -0.08858546, 'ay': 1.221043, 'wz': -0.3085636, 'az': 10.41478, 'wx': -0.0001332312, 'wy': 1.932652}","{'ax': -0.05027823, 'ay': 1.223437, 'wz': -0.2911103, 'az': 10.41478, 'wx': -0.001332312, 'wy': 1.936783}"
84.699,"{'ax': -0.007182605, 'ay': -0.007182605, 'wz': -0.005462481, 'az': 19.5726, 'wx': -0.5660996, 'wy': 2.147821}","{'ax': 0.4381389, 'ay': 0.2274492, 'wz': -0.001732006, 'az': 10.07959, 'wx': -0.5800889, 'wy': 2.131567}"
84.719,"{'ax': -0.9241618, 'ay': -0.01436521, 'wz': -0.3116279, 'az': 9.64145, 'wx': -0.555441, 'wy': 2.977319}","{'ax': -0.7805098, 'ay': -0.02154782, 'wz': -0.3073645, 'az': 9.765948, 'wx': -0.5530429, 'wy': 2.946675}"
84.739,"{'ax': -1.228225, 'ay': -0.04070143, 'wz': -0.03437366, 'az': 11.643, 'wx': -0.5802221, 'wy': 3.274158}","{'ax': -1.268927, 'ay': -0.002394202, 'wz': -0.03424043, 'az': 11.62385, 'wx': -0.5586386, 'wy': 2.762017}"
84.759,"{'ax': -1.266533, 'ay': -0.02633622, 'wz': -0.2768545, 'az': 19.53429, 'wx': -0.825634, 'wy': 2.633582}","{'ax': -1.307234, 'ay': -0.02154782, 'wz': -0.2729908, 'az': 19.61091, 'wx': -0.8240353, 'wy': 2.617594}"
84.779,"{'ax': -1.927332, 'ay': -0.9600749, 'wz': -0.29151, 'az': 8.269572, 'wx': -0.8424212, 'wy': 3.264432}","{'ax': -1.917756, 'ay': -0.9217676, 'wz': -0.2911103, 'az': 8.221688, 'wx': -0.8458852, 'wy': 3.230858}"
84.839,"{'ax': -3.679888, 'ay': -0.8236053, 'wz': -0.1386937, 'az': 9.804255, 'wx': -0.00652833, 'wy': 1.830731}","{'ax': -3.699042, 'ay': -0.7733272, 'wz': -0.136562, 'az': 8.76996, 'wx': -0.006661563, 'wy': 1.786231}"
85.019,"{'ax': -5.868188, 'ay': -0.8283938, 'wz': 0.3356095, 'az': 19.55345, 'wx': 0.5455819, 'wy': -1.091564}","{'ax': -5.865794, 'ay': -0.8355764, 'wz': 0.3408055, 'az': 19.56781, 'wx': 0.509876, 'wy': -1.571196}"
85.119,"{'ax': -0.5770026, 'ay': -1.228225, 'wz': 1.050795, 'az': 9.646238, 'wx': 1.93545, 'wy': -4.365721}","{'ax': -0.4620809, 'ay': -1.249773, 'wz': 1.084902, 'az': 9.560047, 'wx': 2.178464, 'wy': -4.365721}"
85.139,"{'ax': -0.4620809, 'ay': -1.862689, 'wz': -0.1067182, 'az': 19.45528, 'wx': 2.182194, 'wy': -4.365721}","{'ax': -1.23062, 'ay': -1.862689, 'wz': -0.07687443, 'az': 19.52472, 'wx': 1.969558, 'wy': -4.365721}"
85.159,"{'ax': -0.002394202, 'ay': -0.6584055, 'wz': -0.3098959, 'az': 9.126697, 'wx': 1.362023, 'wy': -4.365721}","{'ax': -0.01675941, 'ay': -0.6560113, 'wz': -0.3100291, 'az': 9.440337, 'wx': 1.362023, 'wy': -4.365721}"
85.219,"{'ax': 2.439692, 'ay': 1.204283, 'wz': -0.2744564, 'az': 9.785102, 'wx': 2.181928, 'wy': -4.365721}","{'ax': 2.449268, 'ay': 1.173159, 'wz': -0.2731241, 'az': 9.689334, 'wx': 2.180596, 'wy': -4.365721}"
85.239,"{'ax': 3.6751, 'ay': 1.223437, 'wz': -0.2988377, 'az': 18.69153, 'wx': 1.768911, 'wy': -3.956569}","{'ax': 3.660734, 'ay': 1.18513, 'wz': -0.2987044, 'az': 18.68196, 'wx': 1.754256, 'wy': -3.970158}"
85.319,"{'ax': 5.820304, 'ay': 2.430115, 'wz': -0.003330781, 'az': 9.765948, 'wx': 1.074244, 'wy': -2.19272}","{'ax': 5.801151, 'ay': 2.351106, 'wz': -0.008660031, 'az': 9.804255, 'wx': 0.9885758, 'wy': -2.464112}"
85.339,"{'ax': 6.737284, 'ay': 4.824317, 'wz': 0.01572129, 'az': 9.495404, 'wx': 0.5105422, 'wy': -1.65713}","{'ax': 6.730101, 'ay': 4.805163, 'wz': 0.01665391, 'az': 9.495404, 'wx': 0.5327918, 'wy': -1.658596}"
85.359,"{'ax': 6.050148, 'ay': 2.896984, 'wz': -0.002398162, 'az': 9.713276, 'wx': 0.4704395, 'wy': -2.017787}","{'ax': 6.126762, 'ay': 3.057395, 'wz': -0.02198316, 'az': 9.780313, 'wx': 0.4589817, 'wy': -2.004864}"
85.379,"{'ax': 6.086061, 'ay': 1.632845, 'wz': 0.06808116, 'az': 7.012617, 'wx': 0.3952971, 'wy': -1.564801}","{'ax': 6.081272, 'ay': 1.776498, 'wz': 0.06808116, 'az': 7.010222, 'wx': 0.3951639, 'wy': -1.603172}"
85.399,"{'ax': 6.098032, 'ay': 2.724602, 'wz': -0.113513, 'az': 7.177817, 'wx': 0.2705927, 'wy': -0.498951}","{'ax': 6.007052, 'ay': 2.726996, 'wz': -0.0001332312, 'az': 7.170634, 'wx': 0.2594012, 'wy': -0.005462481}"
85.419,"{'ax': 7.637504, 'ay': 2.755726, 'wz': 0.09579327, 'az': 9.797073, 'wx': -0.004396631, 'wy': -0.3523966}","{'ax': 7.496245, 'ay': 2.750938, 'wz': 0.06168606, 'az': 9.727641, 'wx': -0.01718683, 'wy': -0.2772542}"
85.479,"{'ax': 7.256825, 'ay': 4.898537, 'wz': -0.01771976, 'az': 7.256825, 'wx': 0.2007795, 'wy': -0.1728009}","{'ax': 7.326257, 'ay': 4.821922, 'wz': -0.01878561, 'az': 6.931214, 'wx': 0.237951, 'wy': -0.2047764}"
85.499,"{'ax': 6.739678, 'ay': 3.593697, 'wz': 0.2320888, 'az': 9.756371, 'wx': -0.03850383, 'wy': 1.044133}","{'ax': 6.567295, 'ay': 3.58412, 'wz': 0.2130368, 'az': 9.785102, 'wx': -0.0006661562, 'wy': 0.7831333}"
85.519,"{'ax': 7.314286, 'ay': 1.989582, 'wz': 0.7330383, 'az': 9.780313, 'wx': -1.119675, 'wy': 4.343739}","{'ax': 7.275979, 'ay': 2.142811, 'wz': 0.7245116, 'az': 9.770737, 'wx': -1.094095, 'wy': 2.176865}"
85.539,"{'ax': 9.794679, 'ay': 1.759738, 'wz': 0.7843323, 'az': 19.53429, 'wx': -1.115678, 'wy': 2.163143}","{'ax': 9.76116, 'ay': 1.836353, 'wz': 0.8072481, 'az': 19.61091, 'wx': -1.093828, 'wy': 1.225994}"
85.559,"{'ax': 7.046135, 'ay': 1.352724, 'wz': 0.268461, 'az': 9.315839, 'wx': -0.0001332312, 'wy': -0.4004931}","{'ax': 7.256825, 'ay': 2.44448, 'wz': 0.2727244, 'az': 9.318233, 'wx': -0.04809648, 'wy': -0.3799755}"
85.579,"{'ax': 7.314286, 'ay': 2.367866, 'wz': 0.1320322, 'az': 9.804255, 'wx': 0.2551378, 'wy': 0.3404058}","{'ax': 7.33344, 'ay': 2.367866, 'wz': 0.1251041, 'az': 9.756371, 'wx': 0.2703262, 'wy': 0.289778}"
85.599,"{'ax': 6.121974, 'ay': 1.45328, 'wz': 0.2548714, 'az': 7.33344, 'wx': -0.03424043, 'wy': 0.9889755}","{'ax': 6.086061, 'ay': 1.45328, 'wz': 0.2556708, 'az': 6.936002, 'wx': -0.0001332312, 'wy': 0.9542022}"
85.659,"{'ax': 2.118869, 'ay': 0.9074024, 'wz': 1.023083, 'az': 6.117185, 'wx': -2.013124, 'wy': 4.365588}","{'ax': 2.410961, 'ay': 1.21386, 'wz': 1.05719, 'az': 9.804255, 'wx': -1.983813, 'wy': 4.365588}"
85.679,"{'ax': 2.123657, 'ay': 0.581791, 'wz': 0.3229525, 'az': 9.244013, 'wx': -2.520069, 'wy': 4.365588}","{'ax': 2.008735, 'ay': 0.3663129, 'wz': 0.3408055, 'az': 7.33344, 'wx': -2.508078, 'wy': 4.365588}"
85.699,"{'ax': 2.430115, 'ay': -0.1675941, 'wz': -0.1452221, 'az': 11.03009, 'wx': -2.236953, 'wy': 4.365588}","{'ax': 2.372654, 'ay': -0.07422025, 'wz': -0.1472205, 'az': 10.34056, 'wx': -2.182994, 'wy': 4.365588}"
85.759,"{'ax': -2.530671, 'ay': 1.527501, 'wz': -0.004529862, 'az': 10.95347, 'wx': -0.8656034, 'wy': 4.365588}","{'ax': -2.837129, 'ay': 2.446874, 'wz': -0.1036539, 'az': 10.83376, 'wx': -0.8208377, 'wy': 4.365588}"
85.779,"{'ax': -2.844312, 'ay': -0.1987187, 'wz': -0.03637213, 'az': 11.01572, 'wx': -1.368685, 'wy': 3.818807}","{'ax': -2.454057, 'ay': -0.9337386, 'wz': -0.03530628, 'az': 11.01093, 'wx': -1.368285, 'wy': 3.79376}"
85.839,"{'ax': -3.986346, 'ay': -0.1843535, 'wz': 0.1168438, 'az': 9.763555, 'wx': -0.05235988, 'wy': 1.218533}","{'ax': -3.756502, 'ay': -0.06943185, 'wz': 0.1171103, 'az': 9.416395, 'wx': -0.04090199, 'wy': 1.227726}"
85.859,"{'ax': -3.679888, 'ay': -1.879448, 'wz': -0.06861409, 'az': 7.350199, 'wx': -0.2825835, 'wy': 1.669121}","{'ax': -3.679888, 'ay': -1.879448, 'wz': -0.05235988, 'az': 7.350199, 'wx': -0.2751225, 'wy': 2.17953}"
85.879,"{'ax': -4.915296, 'ay': -1.386243, 'wz': -0.2731241, 'az': 9.651027, 'wx': -0.0707458, 'wy': 2.368985}","{'ax': -4.905719, 'ay': -1.383849, 'wz': -0.2817841, 'az': 8.566454, 'wx': -0.0528928, 'wy': 2.386571}"
85.899,"{'ax': -5.102044, 'ay': -1.462857, 'wz': -0.409686, 'az': 10.18733, 'wx': -0.5983415, 'wy': 2.152884}","{'ax': -5.058948, 'ay': -1.486799, 'wz': -0.3457351, 'az': 10.30225, 'wx': -0.5481133, 'wy': 1.693902}"
85.919,"{'ax': -5.791574, 'ay': -1.381454, 'wz': -0.2729908, 'az': 9.804255, 'wx': -0.1408254, 'wy': 0.7350368}","{'ax': -5.825093, 'ay': -1.462857, 'wz': -0.2900444, 'az': 9.76116, 'wx': -0.1464211, 'wy': 0.8140429}"
85.939,"{'ax': -5.870583, 'ay': -0.01197101, 'wz': -0.01052527, 'az': 11.78666, 'wx': 0.5454487, 'wy': -0.1813277}","{'ax': -5.825093, 'ay': -0.02633622, 'wz': -0.02065084, 'az': 11.79384, 'wx': 0.5455819, 'wy': -0.1390934}"
85.959,"{'ax': -6.133945, 'ay': -0.02154782, 'wz': 0.2621991, 'az': 11.91115, 'wx': 1.05719, 'wy': -2.460115}","{'ax': -6.136339, 'ay': -0.237026, 'wz': 0.2538055, 'az': 12.24155, 'wx': 0.8163078, 'wy': -2.319956}"
85.979,"{'ax': -4.565742, 'ay': -1.889025, 'wz': 0.5382543, 'az': 10.95347, 'wx': 1.432236, 'wy': -4.099392}","{'ax': -0.01197101, 'ay': -1.458069, 'wz': 0.5431838, 'az': 10.8194, 'wx': 1.413983, 'wy': -4.103922}"
85.999,"{'ax': -2.741361, 'ay': -2.015918, 'wz': 0.2284916, 'az': 19.26614, 'wx': 1.227726, 'wy': -3.68451}","{'ax': -2.741361, 'ay': -2.015918, 'wz': 0.2375513, 'az': 19.26614, 'wx': 1.355628, 'wy': -3.717818}"
86.019,"{'ax': -2.765303, 'ay': -0.002394202, 'wz': -0.0720781, 'az': 9.598354, 'wx': 0.4429939, 'wy': -2.850216}","{'ax': -2.770091, 'ay': -0.08619126, 'wz': -0.07047933, 'az': 9.588778, 'wx': 0.4673752, 'wy': -2.741766}"
86.039,"{'ax': -2.463634, 'ay': 1.070208, 'wz': -0.1793293, 'az': 11.6047, 'wx': 0.2716585, 'wy': -3.777505}","{'ax': -2.456451, 'ay': 1.070208, 'wz': -0.175732, 'az': 11.62146, 'wx': 0.2683277, 'wy': -3.68451}"
86.059,"{'ax': -1.343147, 'ay': -0.06224924, 'wz': -0.2956401, 'az': 12.09311, 'wx': 0.5045467, 'wy': -4.365721}","{'ax': -1.228225, 'ay': -0.06703765, 'wz': -0.2940414, 'az': 12.23676, 'wx': 0.5112083, 'wy': -4.365721}"
86.079,"{'ax': -0.806846, 'ay': -0.002394202, 'wz': -0.3822404, 'az': 9.181764, 'wx': 0.4091532, 'wy': -4.365721}","{'ax': -0.806846, 'ay': -0.04070143, 'wz': -0.3833063, 'az': 9.188946, 'wx': 0.4088867, 'wy': -4.365721}"
86.139,"{'ax': 2.372654, 'ay': -1.252167, 'wz': -0.1882558, 'az': 9.150639, 'wx': 1.362556, 'wy': -4.365721}","{'ax': 2.372654, 'ay': -1.252167, 'wz': -0.1882558, 'az': 9.150639, 'wx': 1.307931, 'wy': -4.365721}"
86.199,"{'ax': 4.860229, 'ay': 0.2944868, 'wz': -0.002797856, 'az': 19.36191, 'wx': 1.636479, 'wy': -3.274424}","{'ax': 4.898537, 'ay': 0.2992752, 'wz': -0.01105819, 'az': 19.59654, 'wx': 1.634348, 'wy': -3.304268}"
86.219,"{'ax': 3.6751, 'ay': 2.372654, 'wz': -0.004796324, 'az': 9.651027, 'wx': 0.9591317, 'wy': -2.596677}","{'ax': 3.368642, 'ay': 2.449268, 'wz': -0.001199081, 'az': 9.107543, 'wx': 0.9772511, 'wy': -2.605204}"
86.239,"{'ax': 4.582502, 'ay': 1.45328, 'wz': -0.2069081, 'az': 9.301474, 'wx': 0.7307734, 'wy': -3.001567}","{'ax': 4.288015, 'ay': 1.446098, 'wz': -0.2053094, 'az': 9.488221, 'wx': 0.7495589, 'wy': -3.021019}"
86.259,"{'ax': 9.76116, 'ay': 1.146823, 'wz': -0.136562, 'az': 8.578424, 'wx': 0.5105422, 'wy': -2.42281}","{'ax': 9.679757, 'ay': 1.223437, 'wz': -0.1813277, 'az': 8.540117, 'wx': 0.5113415, 'wy': -2.20924}"
86.279,"{'ax': 9.651027, 'ay': 1.146823, 'wz': -0.2731241, 'az': 9.720459, 'wx': 0.6084671, 'wy': -1.984213}","{'ax': 9.651027, 'ay': 1.146823, 'wz': -0.2732573, 'az': 9.720459, 'wx': 0.6042037, 'wy': -2.019919}"
86.299,"{'ax': 6.124368, 'ay': 1.527501, 'wz': -0.3539954, 'az': 8.267179, 'wx': 1.071046, 'wy': -1.595711}","{'ax': 6.093243, 'ay': 1.527501, 'wz': -0.3753124, 'az': 8.420407, 'wx': 1.091297, 'wy': -1.604371}"
86.319,"{'ax': 7.352593, 'ay': 2.339135, 'wz': -0.328415, 'az': 9.765948, 'wx': 0.3222864, 'wy': -1.091564}","{'ax': 7.343017, 'ay': 2.293645, 'wz': -0.3337443, 'az': 9.452309, 'wx': 0.3345437, 'wy': -1.095028}"
86.339,"{'ax': 7.93199, 'ay': 2.3535, 'wz': -0.207974, 'az': 9.804255, 'wx': 0.2492757, 'wy': -1.354828}","{'ax': 7.965509, 'ay': 2.367866, 'wz': -0.2059755, 'az': 8.26239, 'wx': 0.2375513, 'wy': -1.332579}"
86.359,"{'ax': 7.343017, 'ay': 0.8690952, 'wz': -0.1581455, 'az': 7.304709, 'wx': 1.082237, 'wy': -1.654466}","{'ax': 7.343017, 'ay': 1.223437, 'wz': -0.1581455, 'az': 7.304709, 'wx': 1.06998, 'wy': -1.671519}"
86.379,"{'ax': 6.366182, 'ay': 1.82917, 'wz': -0.07154518, 'az': 9.004593, 'wx': 0.5029479, 'wy': -0.8188393}","{'ax': 6.416461, 'ay': 1.788469, 'wz': -0.08660031, 'az': 8.8777, 'wx': 0.5285283, 'wy': -0.8869204}"
86.399,"{'ax': 6.710948, 'ay': 2.736573, 'wz': -0.1368285, 'az': 7.275979, 'wx': 0.1263032, 'wy': -0.307098}","{'ax': 6.696582, 'ay': 2.715025, 'wz': -0.1409587, 'az': 7.275979, 'wx': 0.119242, 'wy': -0.2756555}"
86.419,"{'ax': 7.232883, 'ay': 1.831564, 'wz': -0.02331547, 'az': 7.347805, 'wx': -0.01891884, 'wy': -0.1067182}","{'ax': 7.232883, 'ay': 1.831564, 'wz': -0.023049, 'az': 7.347805, 'wx': -0.01798622, 'wy': -0.1027213}"
86.439,"{'ax': 7.314286, 'ay': 2.025495, 'wz': -0.03477335, 'az': 9.109938, 'wx': 0.2338208, 'wy': -0.04756355}","{'ax': 7.261614, 'ay': 2.063802, 'wz': -0.03530628, 'az': 9.124303, 'wx': 0.2204977, 'wy': -0.06035375}"
86.459,"{'ax': 7.041347, 'ay': 2.420538, 'wz': 0.05076111, 'az': 7.041347, 'wx': 0.08513475, 'wy': 0.5754257}","{'ax': 6.969521, 'ay': 2.406173, 'wz': 0.03717152, 'az': 7.103596, 'wx': 0.09259571, 'wy': 0.5454487}"
86.479,"{'ax': 6.392519, 'ay': 3.287239, 'wz': 0.4739036, 'az': 9.572019, 'wx': -0.4110184, 'wy': 1.909737}","{'ax': 7.350199, 'ay': 3.363853, 'wz': 0.4047565, 'az': 9.727641, 'wx': -0.3113614, 'wy': 1.773175}"
86.499,"{'ax': 6.064513, 'ay': 2.138022, 'wz': 0.8184396, 'az': 6.43322, 'wx': -0.05582389, 'wy': 3.40619}","{'ax': 6.126762, 'ay': 2.449268, 'wz': 0.8163078, 'az': 6.43322, 'wx': -0.03850383, 'wy': 3.315993}"
86.519,"{'ax': 3.825934, 'ay': 2.41575, 'wz': 1.081971, 'az': 6.160281, 'wx': -1.136329, 'wy': 4.365588}","{'ax': 3.821146, 'ay': 1.376666, 'wz': 1.091297, 'az': 9.727641, 'wx': -1.105953, 'wy': 4.365588}"
86.539,"{'ax': 3.636792, 'ay': -0.004788403, 'wz': 0.7310399, 'az': 7.965509, 'wx': -1.914666, 'wy': 4.365588}","{'ax': 3.636792, 'ay': -1.074997, 'wz': 0.7885957, 'az': 7.773973, 'wx': -1.911735, 'wy': 4.365588}"
86.559,"{'ax': 4.666299, 'ay': -1.228225, 'wz': 0.2215636, 'az': 10.83855, 'wx': -1.091697, 'wy': 4.365588}","{'ax': 4.805163, 'ay': -1.695095, 'wz': 0.2322221, 'az': 10.99178, 'wx': -1.152317, 'wy': 4.365588}"
86.579,"{'ax': 3.61285, 'ay': 2.281674, 'wz': 0.229291, 'az': 11.643, 'wx': -0.1472205, 'wy': 4.365588}","{'ax': 3.0143, 'ay': 2.329558, 'wz': 0.2382174, 'az': 11.01093, 'wx': -0.2764548, 'wy': 4.365588}"
86.599,"{'ax': 2.434903, 'ay': 0.4955997, 'wz': 0.2727244, 'az': 12.37084, 'wx': 0.460314, 'wy': 4.365588}","{'ax': 2.118869, 'ay': 0.6009446, 'wz': 0.2720582, 'az': 12.17691, 'wx': 0.4740367, 'wy': 4.365588}"
86.659,"{'ax': -0.3256114, 'ay': -0.1604115, 'wz': -0.3465345, 'az': 9.689334, 'wx': -1.092763, 'wy': 4.365588}","{'ax': -0.002394202, 'ay': -0.02394202, 'wz': -0.3436034, 'az': 9.727641, 'wx': -1.104753, 'wy': 4.365588}"
86.679,"{'ax': -2.504335, 'ay': -1.917756, 'wz': -0.0006661562, 'az': 9.799467, 'wx': -0.1032542, 'wy': 4.365588}","{'ax': -2.523489, 'ay': -1.84593, 'wz': -0.04876264, 'az': 9.651027, 'wx': -0.08593415, 'wy': 4.365588}"
86.699,"{'ax': -3.804387, 'ay': -1.113304, 'wz': -1.142724, 'az': 9.552865, 'wx': -2.185525, 'wy': 4.365588}","{'ax': -3.689465, 'ay': -1.113304, 'wz': -1.135263, 'az': 9.722853, 'wx': -2.185259, 'wy': 4.365588}"
86.719,"{'ax': -5.020641, 'ay': -0.4812346, 'wz': -1.100623, 'az': 13.46978, 'wx': -2.524333, 'wy': 4.365588}","{'ax': -6.016629, 'ay': -0.09576806, 'wz': -1.092363, 'az': 13.31655, 'wx': -2.596544, 'wy': 4.365588}"
86.739,"{'ax': -7.740454, 'ay': -0.3375824, 'wz': -0.01718683, 'az': 18.51436, 'wx': -1.093962, 'wy': 1.636346}","{'ax': -7.702147, 'ay': -0.2202666, 'wz': -0.1408254, 'az': 18.89264, 'wx': -1.212005, 'wy': 1.636879}"
86.759,"{'ax': -5.451597, 'ay': -1.244985, 'wz': 0.6765482, 'az': 13.24951, 'wx': 1.016688, 'wy': -0.5546417}","{'ax': -4.924873, 'ay': -1.30484, 'wz': 0.6308499, 'az': 13.36683, 'wx': 0.527196, 'wy': -0.5736937}"
86.779,"{'ax': -6.325481, 'ay': -1.290475, 'wz': 1.633681, 'az': 10.56561, 'wx': 2.063352, 'wy': -1.956501}","{'ax': -6.476315, 'ay': -1.233014, 'wz': 1.613564, 'az': 10.71884, 'wx': 1.637012, 'wy': -2.041236}"
86.799,"{'ax': -0.007182605, 'ay': -0.1556231, 'wz': 0.8099127, 'az': 9.392453, 'wx': 1.49179, 'wy': -3.172236}","{'ax': -0.03112462, 'ay': -0.2035071, 'wz': 0.996703, 'az': 9.306262, 'wx': 1.497919, 'wy': -3.095362}"
86.819,"{'ax': -5.825093, 'ay': 0.3399766, 'wz': 0.5410521, 'az': 11.31739, 'wx': 1.223462, 'wy': -4.365721}","{'ax': -4.93445, 'ay': 0.3423708, 'wz': 0.5402527, 'az': 11.31739, 'wx': 1.216668, 'wy': -4.365721}"
86.879,"{'ax': -0.01197101, 'ay': -0.2322376, 'wz': 0.1949173, 'az': 11.93031, 'wx': 1.592646, 'wy': -4.365721}","{'ax': -0.05985504, 'ay': -0.1939303, 'wz': 0.2727244, 'az': 12.06438, 'wx': 1.637012, 'wy': -4.365721}"
86.899,"{'ax': 2.363077, 'ay': -0.009576806, 'wz': -0.2815176, 'az': 10.5273, 'wx': 0.8184396, 'wy': -4.365721}","{'ax': 2.138022, 'ay': -0.04548983, 'wz': -0.3434701, 'az': 19.59175, 'wx': 0.7611501, 'wy': -4.365721}"
87.039,"{'ax': 5.169082, 'ay': 1.678335, 'wz': 0.4091532, 'az': 8.11395, 'wx': -0.1569464, 'wy': 1.209207}","{'ax': 5.432444, 'ay': 1.788469, 'wz': 0.4064885, 'az': 7.984663, 'wx': -0.1590781, 'wy': 1.180829}"
87.059,"{'ax': 5.638345, 'ay': -0.308852, 'wz': 0.408487, 'az': 9.411607, 'wx': -0.01825268, 'wy': 1.969025}","{'ax': 5.640739, 'ay': -0.308852, 'wz': 0.4043568, 'az': 9.409213, 'wx': -0.01718683, 'wy': 1.94371}"
87.079,"{'ax': 4.855441, 'ay': 0.8020576, 'wz': 0.4006264, 'az': 9.801862, 'wx': -0.06941348, 'wy': 3.098026}","{'ax': 4.896142, 'ay': 0.8020576, 'wz': 0.3955636, 'az': 9.765948, 'wx': -0.07474273, 'wy': 3.065251}"
87.139,"{'ax': -0.1077391, 'ay': -2.454057, 'wz': -0.03850383, 'az': 17.09939, 'wx': -2.234155, 'wy': 4.365588}","{'ax': -0.617704, 'ay': -2.779668, 'wz': -0.0009326189, 'az': 17.15924, 'wx': -2.182994, 'wy': 4.365588}"
87.239,"{'ax': -5.058948, 'ay': 2.449268, 'wz': 0.6477703, 'az': 14.64054, 'wx': 1.078241, 'wy': -0.0447657}","{'ax': -5.135562, 'ay': 1.731008, 'wz': 0.6136631, 'az': 14.40112, 'wx': 1.047997, 'wy': -2.047764}"
87.319,"{'ax': -0.03351882, 'ay': -0.1939303, 'wz': 0.1308331, 'az': 9.574412, 'wx': 0.7648806, 'wy': -4.365721}","{'ax': -0.05985504, 'ay': -0.1747767, 'wz': 0.2299571, 'az': 9.785102, 'wx': 0.7822006, 'wy': -4.365721}"
87.339,"{'ax': -0.5051765, 'ay': -1.268927, 'wz': -0.07101225, 'az': 9.794679, 'wx': 0.7432971, 'wy': -4.365721}","{'ax': -0.5051765, 'ay': -1.268927, 'wz': -0.06914701, 'az': 9.794679, 'wx': 0.7475605, 'wy': -4.365721}"
87.399,"{'ax': 1.778892, 'ay': -0.1651999, 'wz': -0.05555742, 'az': 7.266402, 'wx': 1.363888, 'wy': -0.07687443}","{'ax': 1.836353, 'ay': -0.6368576, 'wz': -0.05982082, 'az': 7.352593, 'wx': 1.364021, 'wy': -2.184593}"
87.419,"{'ax': 1.826776, 'ay': 0.5315128, 'wz': -0.004396631, 'az': 7.266402, 'wx': 1.073178, 'wy': 0.2636647}","{'ax': 1.824382, 'ay': 0.593762, 'wz': -0.004929556, 'az': 7.275979, 'wx': 1.072911, 'wy': 0.2641976}"
87.479,"{'ax': 0.8020576, 'ay': -1.625663, 'wz': 0.5327918, 'az': 9.773131, 'wx': -0.5458484, 'wy': 4.365588}","{'ax': 0.8020576, 'ay': -1.625663, 'wz': 0.5370551, 'az': 9.773131, 'wx': -0.5458484, 'wy': 4.365588}"
87.499,"{'ax': -0.02154782, 'ay': -1.546654, 'wz': -0.0001332312, 'az': 8.836999, 'wx': -1.16191, 'wy': 4.365588}","{'ax': -0.1556231, 'ay': -1.537078, 'wz': -0.001199081, 'az': 8.841787, 'wx': -1.107285, 'wy': 4.365588}"
87.519,"{'ax': -0.332794, 'ay': -0.308852, 'wz': -0.0001332312, 'az': 7.352593, 'wx': -1.92719, 'wy': 4.365588}","{'ax': -0.3136404, 'ay': -0.3471592, 'wz': -0.001332312, 'az': 7.350199, 'wx': -1.918663, 'wy': 4.365588}"
87.539,"{'ax': -2.631228, 'ay': 0.3016694, 'wz': -0.5527764, 'az': 11.00136, 'wx': -2.017254, 'wy': 4.365588}","{'ax': -2.454057, 'ay': 0.3040636, 'wz': -0.5820873, 'az': 10.72363, 'wx': -2.012458, 'wy': 4.365588}"
87.559,"{'ax': -3.835511, 'ay': -0.617704, 'wz': -1.092096, 'az': 12.25113, 'wx': -1.91027, 'wy': 3.614031}","{'ax': -3.679888, 'ay': -0.7805098, 'wz': -1.091963, 'az': 12.1003, 'wx': -1.927323, 'wy': 3.817608}"
87.579,"{'ax': -4.99191, 'ay': 1.211466, 'wz': -0.5462481, 'az': 17.73385, 'wx': -0.00319755, 'wy': -0.1374946}","{'ax': -6.811504, 'ay': 1.06542, 'wz': -0.5810214, 'az': 17.61893, 'wx': -0.5458484, 'wy': -0.06941348}"
87.599,"{'ax': -5.221754, 'ay': -2.456451, 'wz': 0.5455819, 'az': 18.99799, 'wx': 1.210672, 'wy': -2.733505}","{'ax': -5.518635, 'ay': -0.004788403, 'wz': 0.4748362, 'az': 18.9932, 'wx': 2.176599, 'wy': -2.751492}"
87.619,"{'ax': -0.04548983, 'ay': -4.338294, 'wz': 1.091297, 'az': 19.38106, 'wx': 1.874431, 'wy': -3.146922}","{'ax': -0.04548983, 'ay': -4.338294, 'wz': 1.087034, 'az': 19.38106, 'wx': 1.873897, 'wy': -3.138129}"
87.639,"{'ax': -2.837129, 'ay': -2.482787, 'wz': 0.5413185, 'az': 7.158663, 'wx': 2.165674, 'wy': -2.456118}","{'ax': -2.456451, 'ay': -3.086126, 'wz': 0.545049, 'az': 7.352593, 'wx': 2.167806, 'wy': -2.533792}"
87.659,"{'ax': -0.04548983, 'ay': -0.770933, 'wz': 0.5090765, 'az': 18.83997, 'wx': 1.492057, 'wy': -1.36562}","{'ax': -0.02154782, 'ay': -0.8259995, 'wz': 0.5334579, 'az': 9.801862, 'wx': 1.634348, 'wy': -1.364421}"
87.679,"{'ax': -1.869872, 'ay': -0.1556231, 'wz': 0.1341639, 'az': 19.43852, 'wx': 1.086367, 'wy': -1.367752}","{'ax': -1.786075, 'ay': -0.1747767, 'wz': 0.1356294, 'az': 19.0746, 'wx': 0.9888424, 'wy': -1.432769}"
87.699,"{'ax': -1.541866, 'ay': -0.1556231, 'wz': 0.119242, 'az': 10.85531, 'wx': 1.362023, 'wy': -1.916531}","{'ax': -1.572991, 'ay': -0.2059013, 'wz': 0.1149786, 'az': 10.90798, 'wx': 1.359891, 'wy': -1.916798}"
87.719,"{'ax': -0.6248866, 'ay': 0.3040636, 'wz': 0.4536524, 'az': 12.00453, 'wx': 1.975819, 'wy': -2.012458}","{'ax': -0.01197101, 'ay': 0.3016694, 'wz': 0.268461, 'az': 12.15297, 'wx': 2.182727, 'wy': -1.987277}"
87.739,"{'ax': 0.902614, 'ay': -0.8451532, 'wz': 1.091031, 'az': 18.07622, 'wx': 2.929622, 'wy': -3.278821}","{'ax': 0.902614, 'ay': -0.7876924, 'wz': 1.073178, 'az': 18.30607, 'wx': 3.272026, 'wy': -3.624156}"
87.759,"{'ax': 1.182736, 'ay': -1.381454, 'wz': -0.03024349, 'az': 4.898537, 'wx': 3.781502, 'wy': -3.094429}","{'ax': 1.182736, 'ay': -1.381454, 'wz': -0.04290046, 'az': 4.898537, 'wx': 3.785766, 'wy': -3.16251}"
87.779,"{'ax': 2.138022, 'ay': -0.3471592, 'wz': 0.7584855, 'az': 2.446874, 'wx': 4.348001, 'wy': 0.8173737}","{'ax': 1.06542, 'ay': -0.1939303, 'wz': 1.091031, 'az': 3.672705, 'wx': 4.365322, 'wy': 1.06998}"
87.799,"{'ax': -0.9217676, 'ay': 2.372654, 'wz': 2.14862, 'az': 4.132392, 'wx': 0.5390536, 'wy': 4.365588}","{'ax': -0.1747767, 'ay': 1.812411, 'wz': 1.074244, 'az': 2.676718, 'wx': 0.5453155, 'wy': 4.365588}"
87.819,"{'ax': -5.058948, 'ay': 14.08509, 'wz': -0.7238454, 'az': 19.37149, 'wx': -2.456518, 'wy': -4.365721}","{'ax': -0.004788403, 'ay': 14.39633, 'wz': -0.01558806, 'az': 19.6127, 'wx': -2.38777, 'wy': -4.365721}"
87.839,"{'ax': -0.9241618, 'ay': 1.376666, 'wz': -0.2733905, 'az': 11.87045, 'wx': -1.399594, 'wy': 1.80515}","{'ax': -0.2418144, 'ay': 1.21386, 'wz': -0.01505513, 'az': 11.94467, 'wx': -1.382807, 'wy': 2.145423}"
87.859,"{'ax': -2.789245, 'ay': -0.1460463, 'wz': 0.4944212, 'az': 13.40514, 'wx': 2.442795, 'wy': 0.5221333}","{'ax': -1.266533, 'ay': -0.4141969, 'wz': 0.5413185, 'az': 10.72363, 'wx': 2.419346, 'wy': 0.701729}"
87.879,"{'ax': 1.596933, 'ay': 1.805228, 'wz': 0.08473507, 'az': 17.31247, 'wx': 0.2045099, 'wy': -0.008926495}","{'ax': 1.673547, 'ay': 1.774103, 'wz': 0.1349633, 'az': 17.73385, 'wx': 0.2727244, 'wy': -0.008926495}"
87.899,"{'ax': -2.458845, 'ay': 0.8762778, 'wz': -0.06888055, 'az': 18.9956, 'wx': -0.5674319, 'wy': -0.01758652}","{'ax': -2.458845, 'ay': 0.8762778, 'wz': -0.07261103, 'az': 18.9956, 'wx': -0.5501118, 'wy': -0.0001332312}"
87.919,"{'ax': -0.3280056, 'ay': 2.286463, 'wz': 0.02957734, 'az': 11.38443, 'wx': 0.1341639, 'wy': -0.1386937}","{'ax': -0.3112462, 'ay': 2.296039, 'wz': 0.0294441, 'az': 11.6023, 'wx': 0.1255038, 'wy': -0.1592113}"
87.939,"{'ax': -1.290475, 'ay': 1.728614, 'wz': 0.03344104, 'az': 9.651027, 'wx': 0.2066417, 'wy': 0.3983614}","{'ax': -1.316811, 'ay': 1.759738, 'wz': 0.02544717, 'az': 9.61272, 'wx': 0.2117044, 'wy': 0.3705161}"
87.959,"{'ax': -0.3495534, 'ay': 2.219425, 'wz': -0.0001332312, 'az': 10.24, 'wx': -0.004396631, 'wy': -0.2010459}","{'ax': -0.3639187, 'ay': 2.219425, 'wz': -0.005595712, 'az': 10.24479, 'wx': -0.0002664625, 'wy': -0.136562}"
87.979,"{'ax': -0.3471592, 'ay': 1.63524, 'wz': -0.004929556, 'az': 11.0253, 'wx': -0.0001332312, 'wy': 0.03184227}","{'ax': -0.2561796, 'ay': 1.594538, 'wz': -0.003597244, 'az': 10.9439, 'wx': -0.03424043, 'wy': 0.01638744}"
87.999,"{'ax': -0.3136404, 'ay': 1.793257, 'wz': -0.0007993876, 'az': 10.1993, 'wx': 0.1107152, 'wy': 0.04889587}","{'ax': -0.1364695, 'ay': 1.798046, 'wz': -0.004929556, 'az': 10.20409, 'wx': 0.1188423, 'wy': 0.06381777}"
88.019,"{'ax': -0.4189853, 'ay': 1.790863, 'wz': -0.001199081, 'az': 10.29267, 'wx': -0.05209342, 'wy': -0.07913937}","{'ax': -0.3375824, 'ay': 1.759738, 'wz': -0.0001332312, 'az': 10.06283, 'wx': -0.06008729, 'wy': -0.06834763}"
88.039,"{'ax': -0.3076549, 'ay': -0.001197101, 'wz': -0.03424043, 'az': -0.154426, 'wx': -0.03424043, 'wy': -0.0001332312}","{'ax': -0.08379706, 'ay': 1.798046, 'wz': -0.01825268, 'az': 10.36929, 'wx': 0.08033844, 'wy': -0.02704594}"
88.059,"{'ax': -0.3303998, 'ay': 1.795651, 'wz': -0.01931853, 'az': 10.10114, 'wx': -0.005995406, 'wy': -0.0006661562}","{'ax': -0.3280056, 'ay': 1.836353, 'wz': -0.01732006, 'az': 10.07241, 'wx': -0.0006661562, 'wy': -0.004529862}"
88.079,"{'ax': -0.1268927, 'ay': 1.757344, 'wz': -0.02571363, 'az': 10.4052, 'wx': -0.02145023, 'wy': -0.03424043}","{'ax': -0.1221043, 'ay': 1.759738, 'wz': -0.0234487, 'az': 10.40999, 'wx': -0.02704594, 'wy': -0.03650536}"
88.099,"{'ax': -0.1795651, 'ay': 1.807622, 'wz': -0.004396631, 'az': 10.39084, 'wx': 0.07660797, 'wy': -0.002264931}","{'ax': -0.1939303, 'ay': 1.826776, 'wz': -0.007061255, 'az': 10.40281, 'wx': 0.08060491, 'wy': -0.002398162}"
88.119,"{'ax': -0.3519476, 'ay': 1.826776, 'wz': -0.02371516, 'az': 10.34056, 'wx': -0.01825268, 'wy': -0.009192955}","{'ax': -0.3375824, 'ay': 1.766921, 'wz': -0.0001332312, 'az': 10.37886, 'wx': -0.01771976, 'wy': -0.004396631}"
88.179,"{'ax': -0.3112462, 'ay': 1.719037, 'wz': -0.01931853, 'az': 10.40041, 'wx': -0.001332312, 'wy': -0.008793262}","{'ax': -0.320823, 'ay': 1.759738, 'wz': -0.02145023, 'az': 10.41238, 'wx': -0.0003996938, 'wy': -0.008660031}"
88.199,"{'ax': -0.08858546, 'ay': 1.793257, 'wz': -0.01931853, 'az': 10.41717, 'wx': -0.009459419, 'wy': 0.002264931}","{'ax': -0.1747767, 'ay': 1.817199, 'wz': -0.01718683, 'az': 10.41717, 'wx': -0.008926495, 'wy': -0.00106585}"
88.219,"{'ax': -0.1699883, 'ay': 1.807622, 'wz': -0.02158346, 'az': 10.10593, 'wx': -0.008660031, 'wy': 0.007860644}","{'ax': -0.09337386, 'ay': 1.817199, 'wz': -0.01985146, 'az': 10.11071, 'wx': -0.002264931, 'wy': 0.007993874}"
88.239,"{'ax': -0.1651999, 'ay': 1.833959, 'wz': -0.02398162, 'az': 10.4052, 'wx': -0.0001332312, 'wy': -0.0003996938}","{'ax': -0.1675941, 'ay': 1.824382, 'wz': -0.02504747, 'az': 10.40759, 'wx': -0.0002664625, 'wy': -0.0009326189}"
88.259,"{'ax': -0.308852, 'ay': 1.836353, 'wz': -0.02624655, 'az': 10.31662, 'wx': -0.01079173, 'wy': -0.0001332312}","{'ax': -0.3495534, 'ay': 1.810017, 'wz': -0.0273124, 'az': 10.37647, 'wx': -0.01318989, 'wy': -0.0001332312}"
88.279,"{'ax': -0.3495534, 'ay': 1.75495, 'wz': -0.001465544, 'az': 10.34056, 'wx': -0.001199081, 'wy': 0.008260338}","{'ax': -0.1819593, 'ay': 1.73819, 'wz': -0.002264931, 'az': 10.35732, 'wx': -0.005462481, 'wy': 0.005196018}"
88.299,"{'ax': -0.3375824, 'ay': 1.833959, 'wz': -0.00106585, 'az': 10.29746, 'wx': -0.009725882, 'wy': 0.004529862}","{'ax': -0.1795651, 'ay': 1.814805, 'wz': -0.002797856, 'az': 10.07241, 'wx': -0.009192955, 'wy': 0.005062788}"
88.319,"{'ax': -0.007182605, 'ay': 1.836353, 'wz': -0.02198316, 'az': 10.41478, 'wx': -0.004529862, 'wy': -0.01732006}","{'ax': -0.007182605, 'ay': 1.833959, 'wz': -0.01785299, 'az': 10.33577, 'wx': -0.008793262, 'wy': -0.01718683}"
88.339,"{'ax': -0.004788403, 'ay': 1.817199, 'wz': -0.001865238, 'az': 10.33816, 'wx': -0.02784533, 'wy': 0.008393569}","{'ax': -0.1556231, 'ay': 1.831564, 'wz': -0.004396631, 'az': 10.41717, 'wx': -0.02571363, 'wy': 0.008393569}"
88.359,"{'ax': -0.308852, 'ay': 1.798046, 'wz': -0.001199081, 'az': 10.24479, 'wx': -0.01732006, 'wy': 0.01665391}","{'ax': -0.3112462, 'ay': 1.836353, 'wz': -0.0001332312, 'az': 10.24479, 'wx': -0.02038438, 'wy': 0.01638744}"
88.379,"{'ax': -1.228225, 'ay': 2.181118, 'wz': -0.01758652, 'az': 10.41717, 'wx': -0.01119142, 'wy': 0.01318989}","{'ax': -1.23062, 'ay': 2.219425, 'wz': -0.01811945, 'az': 10.41238, 'wx': -0.009192955, 'wy': 0.01692037}"
88.439,"{'ax': -0.3112462, 'ay': 1.75495, 'wz': -0.01771976, 'az': 10.33577, 'wx': -0.002264931, 'wy': 0.01172435}","{'ax': -0.3112462, 'ay': 1.75495, 'wz': -0.01771976, 'az': 10.33577, 'wx': -0.01718683, 'wy': 0.01039204}"
88.459,"{'ax': -0.09816227, 'ay': 1.757344, 'wz': -0.01811945, 'az': 10.34056, 'wx': -0.0001332312, 'wy': 0.007860644}","{'ax': -0.09816227, 'ay': 1.752556, 'wz': -0.02158346, 'az': 10.34056, 'wx': -0.01292343, 'wy': 0.009459419}"
88.479,"{'ax': -0.06943185, 'ay': 1.836353, 'wz': -0.02571363, 'az': 10.10832, 'wx': -0.01718683, 'wy': 0.007327719}","{'ax': -0.332794, 'ay': 1.831564, 'wz': -0.02464778, 'az': 10.41717, 'wx': -0.0006661562, 'wy': -0.0001332312}"
88.499,"{'ax': -0.3136404, 'ay': 1.814805, 'wz': -0.0006661562, 'az': 10.41717, 'wx': -0.01851914, 'wy': 0.003597244}","{'ax': -0.1604115, 'ay': 1.833959, 'wz': -0.002531394, 'az': 10.39802, 'wx': -0.01718683, 'wy': 0.004663095}"
88.519,"{'ax': -0.2346318, 'ay': 1.793257, 'wz': -0.02211639, 'az': 10.41478, 'wx': -0.01438898, 'wy': 0.007194488}","{'ax': -0.2322376, 'ay': 1.798046, 'wz': -0.02171669, 'az': 10.40999, 'wx': -0.01305666, 'wy': 0.01052527}"
88.539,"{'ax': -0.1221043, 'ay': 1.750161, 'wz': -0.01971822, 'az': 10.33577, 'wx': -0.01478867, 'wy': -0.0005329249}","{'ax': -0.07900865, 'ay': 1.795651, 'wz': -0.01732006, 'az': 10.41717, 'wx': -0.01612098, 'wy': 0.004929556}"
88.599,"{'ax': -0.1843535, 'ay': 1.817199, 'wz': -0.01718683, 'az': 10.41717, 'wx': -0.01358959, 'wy': 0.005196018}","{'ax': -0.1604115, 'ay': 1.798046, 'wz': -0.02145023, 'az': 10.39802, 'wx': -0.0001332312, 'wy': 0.007860644}"
88.619,"{'ax': -0.308852, 'ay': 1.836353, 'wz': -0.02145023, 'az': 10.3214, 'wx': -0.01452221, 'wy': 0.003863707}","{'ax': -0.3471592, 'ay': 1.826776, 'wz': -0.01825268, 'az': 10.37408, 'wx': -0.0001332312, 'wy': 0.002797856}"
88.639,"{'ax': -0.3184288, 'ay': 1.821988, 'wz': -0.02637979, 'az': 10.41717, 'wx': -0.0001332312, 'wy': 0.01585452}","{'ax': -0.3495534, 'ay': 1.817199, 'wz': -0.02677948, 'az': 10.40041, 'wx': -0.002264931, 'wy': 0.01478867}"
88.659,"{'ax': -0.308852, 'ay': 1.798046, 'wz': -0.02145023, 'az': 10.37886, 'wx': -0.01345636, 'wy': -0.0001332312}","{'ax': -0.308852, 'ay': 1.807622, 'wz': -0.01931853, 'az': 10.41717, 'wx': -0.01558806, 'wy': -0.0001332312}"
88.679,"{'ax': -0.3112462, 'ay': 1.836353, 'wz': -0.02358193, 'az': 10.40759, 'wx': -0.009059724, 'wy': 0.01452221}","{'ax': -0.308852, 'ay': 1.757344, 'wz': -0.0002664625, 'az': 10.40281, 'wx': -0.01132466, 'wy': 0.007327719}"
88.699,"{'ax': -0.3351882, 'ay': 1.836353, 'wz': -0.0006661562, 'az': 10.37647, 'wx': -0.01518836, 'wy': 0.01159112}","{'ax': -0.344765, 'ay': 1.817199, 'wz': -0.0003996938, 'az': 10.41478, 'wx': -0.008793262, 'wy': 0.01105819}"
88.719,"{'ax': -0.3471592, 'ay': 1.776498, 'wz': -0.023049, 'az': 10.3645, 'wx': -0.01771976, 'wy': -0.001465544}","{'ax': -0.3471592, 'ay': 1.776498, 'wz': -0.02251608, 'az': 10.3645, 'wx': -0.01745329, 'wy': -0.001598775}"
88.779,"{'ax': -0.332794, 'ay': 1.831564, 'wz': -0.0002664625, 'az': 10.29746, 'wx': -0.01745329, 'wy': -0.0006661562}","{'ax': -0.3423708, 'ay': 1.814805, 'wz': -0.002931087, 'az': 10.28788, 'wx': -0.0001332312, 'wy': -0.0001332312}"
88.799,"{'ax': -0.1460463, 'ay': 1.757344, 'wz': -0.01958499, 'az': 10.41717, 'wx': -0.01718683, 'wy': -0.0001332312}","{'ax': -0.1604115, 'ay': 1.757344, 'wz': -0.02584686, 'az': 10.38844, 'wx': -0.0001332312, 'wy': 0.001732006}"
88.819,"{'ax': -0.308852, 'ay': 1.745373, 'wz': -0.02677948, 'az': 10.26155, 'wx': -0.004396631, 'wy': 0.007061255}","{'ax': -0.2035071, 'ay': 1.750161, 'wz': -0.02318224, 'az': 10.41717, 'wx': -0.0001332312, 'wy': 0.008393569}"
88.879,"{'ax': -0.1364695, 'ay': 1.819593, 'wz': -0.0001332312, 'az': 10.41478, 'wx': -0.01771976, 'wy': -0.0002664625}","{'ax': -0.308852, 'ay': 1.836353, 'wz': -0.0001332312, 'az': 10.33098, 'wx': -0.023049, 'wy': -0.002264931}"
88.899,"{'ax': -0.07900865, 'ay': 1.788469, 'wz': -0.02358193, 'az': 10.31183, 'wx': -0.01732006, 'wy': 0.008393569}","{'ax': -0.09816227, 'ay': 1.759738, 'wz': -0.02624655, 'az': 10.4052, 'wx': -0.002264931, 'wy': 0.003863707}"
88.919,"{'ax': -0.1460463, 'ay': 1.745373, 'wz': -0.001332312, 'az': 10.33577, 'wx': -0.002531394, 'wy': 0.004529862}","{'ax': -0.3112462, 'ay': 1.810017, 'wz': -0.0001332312, 'az': 10.33816, 'wx': -0.002264931, 'wy': -0.0007993876}"
88.979,"{'ax': -0.1747767, 'ay': 1.826776, 'wz': -0.02145023, 'az': 10.35013, 'wx': -0.001732006, 'wy': 0.008393569}","{'ax': -0.3280056, 'ay': 1.833959, 'wz': -0.02171669, 'az': 10.37647, 'wx': -0.0003996938, 'wy': 0.01665391}"
88.999,"{'ax': -0.07900865, 'ay': 1.836353, 'wz': -0.02291577, 'az': 10.30225, 'wx': -0.004529862, 'wy': -0.001998468}","{'ax': -0.09816227, 'ay': 1.798046, 'wz': -0.02278254, 'az': 10.29746, 'wx': -0.002797856, 'wy': -0.001199081}"
89.019,"{'ax': -0.308852, 'ay': 1.750161, 'wz': -0.02038438, 'az': 10.39802, 'wx': -0.01079173, 'wy': 0.01692037}","{'ax': -0.09816227, 'ay': 1.788469, 'wz': -0.02598009, 'az': 10.08917, 'wx': -0.008926495, 'wy': 0.01478867}"
89.039,"{'ax': -0.3136404, 'ay': 1.836353, 'wz': -0.02158346, 'az': 10.24718, 'wx': -0.0005329249, 'wy': 0.01079173}","{'ax': -0.3423708, 'ay': 1.764527, 'wz': -0.02264931, 'az': 10.26394, 'wx': -0.0001332312, 'wy': 0.006928025}"
89.059,"{'ax': -0.3232172, 'ay': 1.807622, 'wz': -0.0001332312, 'az': 10.35013, 'wx': -0.01745329, 'wy': -0.001865238}","{'ax': -0.308852, 'ay': 1.807622, 'wz': -0.001732006, 'az': 10.34056, 'wx': -0.004663095, 'wy': -0.001332312}"
89.119,"{'ax': -0.1795651, 'ay': 1.73819, 'wz': -0.01998469, 'az': 10.41478, 'wx': -0.002264931, 'wy': 0.006128637}","{'ax': -0.308852, 'ay': 1.759738, 'wz': -0.01851914, 'az': 10.41478, 'wx': -0.01518836, 'wy': 0.005995406}"
89.139,"{'ax': -0.1604115, 'ay': 1.831564, 'wz': -0.02358193, 'az': 10.34056, 'wx': -0.0006661562, 'wy': 0.008127107}","{'ax': -0.1556231, 'ay': 1.831564, 'wz': -0.02358193, 'az': 10.39802, 'wx': -0.0009326189, 'wy': 0.007327719}"
89.159,"{'ax': -0.1939303, 'ay': 1.788469, 'wz': -0.02145023, 'az': 10.38365, 'wx': -0.0002664625, 'wy': 0.004130169}","{'ax': -0.1939303, 'ay': 1.836353, 'wz': -0.02011792, 'az': 10.39562, 'wx': -0.01732006, 'wy': 0.00652833}"
89.179,"{'ax': -0.2322376, 'ay': 1.826776, 'wz': -0.023049, 'az': 10.40759, 'wx': -0.002398162, 'wy': 0.007727413}","{'ax': -0.308852, 'ay': 1.798046, 'wz': -0.02145023, 'az': 10.40999, 'wx': -0.01745329, 'wy': 0.007061255}"
89.199,"{'ax': -0.1292869, 'ay': 1.817199, 'wz': -0.02571363, 'az': 10.41717, 'wx': -0.0006661562, 'wy': 0.006794794}","{'ax': -0.1364695, 'ay': 1.831564, 'wz': -0.02358193, 'az': 10.33098, 'wx': -0.0001332312, 'wy': 0.008260338}"
89.219,"{'ax': -0.3160346, 'ay': 1.836353, 'wz': -0.02198316, 'az': 10.35971, 'wx': -0.01718683, 'wy': 0.004929556}","{'ax': -0.3160346, 'ay': 1.836353, 'wz': -0.01825268, 'az': 10.37886, 'wx': -0.0001332312, 'wy': 0.006928025}"
89.239,"{'ax': -0.308852, 'ay': 1.833959, 'wz': -0.02624655, 'az': 10.33577, 'wx': -0.0001332312, 'wy': 0.01358959}","{'ax': -0.3136404, 'ay': 1.836353, 'wz': -0.01931853, 'az': 10.41238, 'wx': -0.0001332312, 'wy': 0.008393569}"
89.259,"{'ax': -0.3112462, 'ay': 1.793257, 'wz': -0.01745329, 'az': 10.40281, 'wx': -0.00106585, 'wy': 0.006261868}","{'ax': -0.1556231, 'ay': 1.788469, 'wz': -0.02145023, 'az': 10.39323, 'wx': -0.0006661562, 'wy': 0.01452221}"
89.319,"{'ax': -0.3184288, 'ay': 1.824382, 'wz': -0.02584686, 'az': 10.33577, 'wx': -0.0001332312, 'wy': 0.01199081}","{'ax': -0.3136404, 'ay': 1.759738, 'wz': -0.0003996938, 'az': 10.34056, 'wx': -0.0007993876, 'wy': 0.008260338}"
89.339,"{'ax': -0.1556231, 'ay': 1.836353, 'wz': -0.02145023, 'az': 10.33577, 'wx': -0.0002664625, 'wy': -0.0006661562}","{'ax': -0.3280056, 'ay': 1.810017, 'wz': -0.0001332312, 'az': 10.37886, 'wx': -0.01851914, 'wy': 0.007327719}"
89.359,"{'ax': -0.308852, 'ay': 1.774103, 'wz': -0.02251608, 'az': 10.4052, 'wx': -0.001332312, 'wy': -0.0006661562}","{'ax': -0.1556231, 'ay': 1.833959, 'wz': -0.02571363, 'az': 10.37886, 'wx': -0.001199081, 'wy': 0.007327719}"
89.379,"{'ax': -0.1556231, 'ay': 1.778892, 'wz': -0.02171669, 'az': 10.26155, 'wx': -0.0001332312, 'wy': 0.008260338}","{'ax': -0.308852, 'ay': 1.817199, 'wz': -0.02251608, 'az': 10.26394, 'wx': -0.0002664625, 'wy': 0.007860644}"
89.399,"{'ax': -0.1556231, 'ay': 1.836353, 'wz': -0.02584686, 'az': 10.37886, 'wx': -0.01718683, 'wy': 0.007860644}","{'ax': -0.308852, 'ay': 1.810017, 'wz': -0.02411485, 'az': 10.39323, 'wx': -0.002797856, 'wy': -0.001199081}"
89.419,"{'ax': -0.308852, 'ay': 1.805228, 'wz': -0.02571363, 'az': 10.39562, 'wx': -0.01745329, 'wy': 0.008127107}","{'ax': -0.3112462, 'ay': 1.807622, 'wz': -0.02584686, 'az': 10.35971, 'wx': -0.01718683, 'wy': 0.008127107}"
89.439,"{'ax': -0.3136404, 'ay': 1.817199, 'wz': -0.02145023, 'az': 10.37886, 'wx': -0.01252374, 'wy': 0.008393569}","{'ax': -0.1412579, 'ay': 1.833959, 'wz': -0.01865238, 'az': 10.35013, 'wx': -0.001199081, 'wy': 0.007460951}"
89.559,"{'ax': -0.308852, 'ay': 1.826776, 'wz': -0.02171669, 'az': 10.34056, 'wx': -0.0006661562, 'wy': 0.01412251}","{'ax': -0.308852, 'ay': 1.807622, 'wz': -0.02145023, 'az': 10.26394, 'wx': -0.001998468, 'wy': 0.01372282}"
89.659,"{'ax': -0.1580173, 'ay': 1.790863, 'wz': -0.02424809, 'az': 10.41238, 'wx': -0.0001332312, 'wy': 0.008393569}","{'ax': -0.1747767, 'ay': 1.745373, 'wz': -0.02598009, 'az': 10.34056, 'wx': -0.0001332312, 'wy': 0.01212404}"
89.679,"{'ax': -0.3184288, 'ay': 1.721431, 'wz': -0.0001332312, 'az': 10.33577, 'wx': -0.01931853, 'wy': 0.003330781}","{'ax': -0.1651999, 'ay': 1.836353, 'wz': -0.004396631, 'az': 10.41717, 'wx': -0.01732006, 'wy': -0.0001332312}"
89.699,"{'ax': -0.1723825, 'ay': 1.831564, 'wz': -0.0001332312, 'az': 10.41717, 'wx': -0.01718683, 'wy': 0.00652833}","{'ax': -0.1556231, 'ay': 1.831564, 'wz': -0.02331547, 'az': 10.34056, 'wx': -0.0006661562, 'wy': 0.008127107}"
89.799,"{'ax': -0.1221043, 'ay': 1.798046, 'wz': -0.02598009, 'az': 10.39802, 'wx': -0.01745329, 'wy': 0.008260338}","{'ax': -0.3136404, 'ay': 1.824382, 'wz': -0.001199081, 'az': 10.35971, 'wx': -0.01985146, 'wy': 0.006261868}"
89.859,"{'ax': -0.3471592, 'ay': 1.798046, 'wz': -0.02238285, 'az': 10.30943, 'wx': -0.002398162, 'wy': 0.008393569}","{'ax': -0.332794, 'ay': 1.814805, 'wz': -0.02145023, 'az': 10.41717, 'wx': -0.0003996938, 'wy': 0.01345636}"
89.879,"{'ax': -0.308852, 'ay': 1.774103, 'wz': -0.02238285, 'az': 10.09156, 'wx': -0.003330781, 'wy': 0.007327719}","{'ax': -0.1173159, 'ay': 1.836353, 'wz': -0.02184992, 'az': 10.26394, 'wx': -0.01745329, 'wy': 0.007993874}"
89.899,"{'ax': -0.308852, 'ay': 1.826776, 'wz': -0.0002664625, 'az': 10.39323, 'wx': -0.0009326189, 'wy': 0.01105819}","{'ax': -0.308852, 'ay': 1.826776, 'wz': -0.02584686, 'az': 10.39323, 'wx': -0.01745329, 'wy': 0.01252374}"
89.959,"{'ax': -0.308852, 'ay': 1.757344, 'wz': -0.02358193, 'az': 10.39084, 'wx': -0.008660031, 'wy': 0.007327719}","{'ax': -0.1771709, 'ay': 1.759738, 'wz': -0.02478101, 'az': 10.39802, 'wx': -0.01718683, 'wy': 0.007327719}"
89.979,"{'ax': -0.1747767, 'ay': 1.802834, 'wz': -0.01998469, 'az': 10.34056, 'wx': -0.0001332312, 'wy': 0.01132466}","{'ax': -0.3076549, 'ay': -0.001197101, 'wz': -0.03437366, 'az': -0.001197101, 'wx': -0.0002664625, 'wy': -0.03424043}"
90.079,"{'ax': -0.3303998, 'ay': 1.778892, 'wz': -0.02424809, 'az': 10.33098, 'wx': -0.003996937, 'wy': 0.006261868}","{'ax': -0.3303998, 'ay': 1.795651, 'wz': -0.0002664625, 'az': 10.11071, 'wx': -0.002797856, 'wy': 0.007327719}"
90.099,"{'ax': -0.3160346, 'ay': 1.75495, 'wz': -0.02624655, 'az': 10.26394, 'wx': -0.0003996938, 'wy': 0.003863707}","{'ax': -0.3184288, 'ay': 1.786075, 'wz': -0.02571363, 'az': 10.31662, 'wx': -0.0001332312, 'wy': 0.003064319}"
90.119,"{'ax': -0.1963245, 'ay': 1.75495, 'wz': -0.0273124, 'az': 10.41717, 'wx': -0.002531394, 'wy': -0.0001332312}","{'ax': -0.308852, 'ay': 1.833959, 'wz': -0.02571363, 'az': 10.39802, 'wx': -0.01825268, 'wy': -0.001199081}"
90.139,"{'ax': -0.1604115, 'ay': 1.836353, 'wz': -0.02571363, 'az': 10.38126, 'wx': -0.002264931, 'wy': 0.005595712}","{'ax': -0.308852, 'ay': 1.826776, 'wz': -0.02571363, 'az': 10.34056, 'wx': -0.01985146, 'wy': 0.003064319}"
90.159,"{'ax': -0.3112462, 'ay': 1.769315, 'wz': -0.02184992, 'az': 10.41238, 'wx': -0.001732006, 'wy': 0.007327719}","{'ax': -0.1651999, 'ay': 1.836353, 'wz': -0.02065084, 'az': 10.41717, 'wx': -0.01732006, 'wy': 0.006928025}"
90.239,"{'ax': -0.1651999, 'ay': 1.750161, 'wz': -0.02318224, 'az': 10.38844, 'wx': -0.002264931, 'wy': 0.003064319}","{'ax': -0.1771709, 'ay': 1.769315, 'wz': -0.023049, 'az': 10.37886, 'wx': -0.0001332312, 'wy': 0.002797856}"
90.339,"{'ax': -0.3112462, 'ay': 1.824382, 'wz': -0.023049, 'az': 10.33816, 'wx': -0.0001332312, 'wy': 0.007727413}","{'ax': -0.308852, 'ay': 1.826776, 'wz': -0.02358193, 'az': 10.29267, 'wx': -0.001199081, 'wy': 0.01265697}"
90.359,"{'ax': -0.1197101, 'ay': 1.802834, 'wz': -0.02145023, 'az': 10.39802, 'wx': -0.001332312, 'wy': 0.003330781}","{'ax': -0.308852, 'ay': 1.836353, 'wz': -0.02331547, 'az': 10.41717, 'wx': -0.0001332312, 'wy': -0.001332312}"
90.419,"{'ax': -0.1580173, 'ay': 1.836353, 'wz': -0.02637979, 'az': 10.38365, 'wx': -0.01718683, 'wy': 0.007594181}","{'ax': -0.308852, 'ay': 1.826776, 'wz': -0.02384839, 'az': 10.34056, 'wx': -0.002264931, 'wy': 0.006794794}"
90.439,"{'ax': -0.1221043, 'ay': 1.750161, 'wz': -0.02145023, 'az': 10.37647, 'wx': -0.01745329, 'wy': 0.01212404}","{'ax': -0.1221043, 'ay': 1.817199, 'wz': -0.01878561, 'az': 10.36689, 'wx': -0.001199081, 'wy': 0.008260338}"
90.459,"{'ax': -0.3184288, 'ay': 1.836353, 'wz': -0.02384839, 'az': 10.34056, 'wx': -0.009859112, 'wy': 0.006261868}","{'ax': -0.3184288, 'ay': 1.836353, 'wz': -0.01985146, 'az': 10.34056, 'wx': -0.01012558, 'wy': 0.007860644}"
90.519,"{'ax': -0.3232172, 'ay': 1.836353, 'wz': -0.02398162, 'az': 10.36689, 'wx': -0.002264931, 'wy': 0.002797856}","{'ax': -0.3232172, 'ay': 1.836353, 'wz': -0.02184992, 'az': 10.41717, 'wx': -0.0001332312, 'wy': -0.001465544}"
90.579,"{'ax': -0.308852, 'ay': 1.75495, 'wz': -0.01945176, 'az': 10.33577, 'wx': -0.001998468, 'wy': 0.003996937}","{'ax': -0.3160346, 'ay': 1.812411, 'wz': -0.02145023, 'az': 10.34056, 'wx': -0.0001332312, 'wy': 0.008127107}"
90.679,"{'ax': -0.09816227, 'ay': 1.759738, 'wz': -0.0002664625, 'az': 10.41238, 'wx': -0.01771976, 'wy': 0.008260338}","{'ax': -0.1556231, 'ay': 1.814805, 'wz': -0.001199081, 'az': 10.37168, 'wx': -0.01718683, 'wy': 0.005196018}"
90.779,"{'ax': -0.3184288, 'ay': 1.831564, 'wz': -0.02158346, 'az': 10.29746, 'wx': -0.0002664625, 'wy': 0.005062788}","{'ax': -0.3112462, 'ay': 1.826776, 'wz': -0.02358193, 'az': 10.33337, 'wx': -0.01412251, 'wy': 0.005595712}"
90.879,"{'ax': -0.1005565, 'ay': 1.833959, 'wz': -0.02358193, 'az': 10.41478, 'wx': -0.0007993876, 'wy': -0.0006661562}","{'ax': -0.1364695, 'ay': 1.82917, 'wz': -0.02464778, 'az': 10.41478, 'wx': -0.0003996938, 'wy': 0.007860644}"
90.899,"{'ax': -0.1101333, 'ay': 1.836353, 'wz': -0.02411485, 'az': 10.38844, 'wx': -0.01105819, 'wy': -0.0006661562}","{'ax': -0.1029507, 'ay': 1.814805, 'wz': -0.02145023, 'az': 10.41717, 'wx': -0.0003996938, 'wy': 0.008127107}"
90.919,"{'ax': -0.2035071, 'ay': 1.836353, 'wz': -0.02198316, 'az': 10.37886, 'wx': -0.02038438, 'wy': 0.003863707}","{'ax': -0.1747767, 'ay': 1.73819, 'wz': -0.01971822, 'az': 10.40041, 'wx': -0.004130169, 'wy': 0.00319755}"
90.979,"{'ax': -0.3112462, 'ay': 1.826776, 'wz': -0.0273124, 'az': 10.41478, 'wx': -0.01718683, 'wy': -0.0003996938}","{'ax': -0.3112462, 'ay': 1.759738, 'wz': -0.02571363, 'az': 10.41717, 'wx': -0.01771976, 'wy': -0.0002664625}"
90.999,"{'ax': -0.3256114, 'ay': 1.826776, 'wz': -0.02598009, 'az': 10.41717, 'wx': -0.01718683, 'wy': 0.007327719}","{'ax': -0.308852, 'ay': 1.788469, 'wz': -0.02224962, 'az': 10.40759, 'wx': -0.01771976, 'wy': 0.01692037}"
91.099,"{'ax': -0.1460463, 'ay': 1.771709, 'wz': -0.02211639, 'az': 10.34295, 'wx': -0.01718683, 'wy': -0.0005329249}","{'ax': -0.308852, 'ay': 1.831564, 'wz': -0.02224962, 'az': 10.24, 'wx': -0.001465544, 'wy': 0.007860644}"
91.239,"{'ax': -0.308852, 'ay': 1.833959, 'wz': -0.02464778, 'az': 10.37886, 'wx': -0.0007993876, 'wy': 0.008127107}","{'ax': -0.332794, 'ay': 1.795651, 'wz': -0.0251807, 'az': 10.11071, 'wx': -0.01505513, 'wy': 0.005728943}"
91.259,"{'ax': -0.2035071, 'ay': 1.721431, 'wz': -0.02171669, 'az': 10.33098, 'wx': -0.01718683, 'wy': 0.008260338}","{'ax': -0.3160346, 'ay': 1.798046, 'wz': -0.02171669, 'az': 10.41478, 'wx': -0.0001332312, 'wy': 0.00652833}"
91.279,"{'ax': -0.1771709, 'ay': 1.833959, 'wz': -0.02145023, 'az': 10.34056, 'wx': -0.01878561, 'wy': 0.007860644}","{'ax': -0.1939303, 'ay': 1.833959, 'wz': -0.02145023, 'az': 10.33577, 'wx': -0.01718683, 'wy': 0.008127107}"
91.359,"{'ax': -0.308852, 'ay': 1.833959, 'wz': -0.02025115, 'az': 10.35013, 'wx': -0.01865238, 'wy': 0.008393569}","{'ax': -0.308852, 'ay': 1.82917, 'wz': -0.02145023, 'az': 10.37647, 'wx': -0.001332312, 'wy': 0.008393569}"
91.379,"{'ax': -0.3184288, 'ay': 1.795651, 'wz': -0.01878561, 'az': 10.40759, 'wx': -0.0001332312, 'wy': -0.001199081}","{'ax': -0.308852, 'ay': 1.817199, 'wz': -0.02145023, 'az': 10.39323, 'wx': -0.0001332312, 'wy': -0.0001332312}"
91.399,"{'ax': -0.3184288, 'ay': 1.836353, 'wz': -0.02145023, 'az': 10.35732, 'wx': -0.0009326189, 'wy': 0.006928025}","{'ax': -0.1556231, 'ay': 1.836353, 'wz': -0.01931853, 'az': 10.35732, 'wx': -0.0006661562, 'wy': 0.01478867}"
91.499,"{'ax': -0.1364695, 'ay': 1.826776, 'wz': -0.02184992, 'az': 10.41717, 'wx': -0.01172435, 'wy': 0.008127107}","{'ax': -0.1388637, 'ay': 1.826776, 'wz': -0.02184992, 'az': 10.41717, 'wx': -0.009059724, 'wy': 0.008127107}"
91.519,"{'ax': -0.3136404, 'ay': 1.764527, 'wz': -0.01958499, 'az': 10.40759, 'wx': -0.0001332312, 'wy': 0.01052527}","{'ax': -0.308852, 'ay': 1.778892, 'wz': -0.02571363, 'az': 10.33098, 'wx': -0.0001332312, 'wy': 0.008926495}"
91.579,"{'ax': -0.3303998, 'ay': 1.836353, 'wz': -0.02571363, 'az': 10.37886, 'wx': -0.002264931, 'wy': 0.004529862}","{'ax': -0.308852, 'ay': 1.826776, 'wz': -0.02584686, 'az': 10.41478, 'wx': -0.005462481, 'wy': 0.007860644}"
91.599,"{'ax': -0.3280056, 'ay': 1.719037, 'wz': -0.02211639, 'az': 10.40759, 'wx': -0.0021317, 'wy': -0.001465544}","{'ax': -0.1747767, 'ay': 1.759738, 'wz': -0.02278254, 'az': 10.33098, 'wx': -0.0003996938, 'wy': 0.005728943}"
91.619,"{'ax': -0.1484405, 'ay': 1.817199, 'wz': -0.02611332, 'az': 10.41717, 'wx': -0.01745329, 'wy': -0.002398162}","{'ax': -0.1197101, 'ay': 1.798046, 'wz': -0.02837825, 'az': 10.33816, 'wx': -0.01718683, 'wy': -0.003064319}"
91.679,"{'ax': -0.3232172, 'ay': 1.721431, 'wz': -0.02571363, 'az': 10.40999, 'wx': -0.01771976, 'wy': 0.005995406}","{'ax': -0.08379706, 'ay': 1.793257, 'wz': -0.0234487, 'az': 10.41238, 'wx': -0.01851914, 'wy': 0.007860644}"
91.699,"{'ax': -0.3232172, 'ay': 1.817199, 'wz': -0.02198316, 'az': 10.36689, 'wx': -0.01718683, 'wy': 0.01372282}","{'ax': -0.3160346, 'ay': 1.817199, 'wz': -0.01865238, 'az': 10.28788, 'wx': -0.0001332312, 'wy': 0.01465544}"
91.719,"{'ax': -0.1460463, 'ay': 1.814805, 'wz': -0.02158346, 'az': 10.37647, 'wx': -0.001465544, 'wy': 0.004130169}","{'ax': -0.1364695, 'ay': 1.817199, 'wz': -0.02464778, 'az': 10.37886, 'wx': -0.0003996938, 'wy': -0.0001332312}"
91.739,"{'ax': -0.308852, 'ay': 1.814805, 'wz': -0.002264931, 'az': 10.41478, 'wx': -0.001598775, 'wy': 0.007860644}","{'ax': -0.3543419, 'ay': 1.836353, 'wz': -0.0002664625, 'az': 10.3214, 'wx': -0.002531394, 'wy': 0.007327719}"
91.879,"{'ax': -0.3423708, 'ay': 1.793257, 'wz': -0.02624655, 'az': 10.37647, 'wx': -0.01798622, 'wy': 0.003863707}","{'ax': -0.1388637, 'ay': 1.764527, 'wz': -0.0251807, 'az': 10.40999, 'wx': -0.01718683, 'wy': 0.007061255}"
91.939,"{'ax': -0.3136404, 'ay': 1.817199, 'wz': -0.02371516, 'az': 10.39323, 'wx': -0.01931853, 'wy': 0.005862175}","{'ax': -0.3136404, 'ay': 1.817199, 'wz': -0.02051761, 'az': 10.39323, 'wx': -0.01958499, 'wy': 0.007727413}"
92.039,"{'ax': -0.308852, 'ay': 1.769315, 'wz': -0.02704594, 'az': 10.39802, 'wx': -0.01718683, 'wy': 0.008260338}","{'ax': -0.1221043, 'ay': 1.795651, 'wz': -0.0001332312, 'az': 10.3214, 'wx': -0.01878561, 'wy': 0.005462481}"
92.099,"{'ax': -0.308852, 'ay': 1.826776, 'wz': -0.01838591, 'az': 10.39802, 'wx': -0.01745329, 'wy': 0.004663095}","{'ax': -0.1939303, 'ay': 1.759738, 'wz': -0.02145023, 'az': 10.34056, 'wx': -0.001598775, 'wy': 0.006261868}"
92.119,"{'ax': -0.3232172, 'ay': 1.826776, 'wz': -0.01998469, 'az': 10.33577, 'wx': -0.001199081, 'wy': 0.008393569}","{'ax': -0.308852, 'ay': 1.781286, 'wz': -0.02145023, 'az': 10.41717, 'wx': -0.01438898, 'wy': 0.008393569}"
92.139,"{'ax': -0.1292869, 'ay': 1.814805, 'wz': -0.02145023, 'az': 10.40999, 'wx': -0.01851914, 'wy': -0.0001332312}","{'ax': -0.1556231, 'ay': 1.836353, 'wz': -0.02038438, 'az': 10.39323, 'wx': -0.01665391, 'wy': -0.001199081}"
92.199,"{'ax': -0.1436521, 'ay': 1.836353, 'wz': -0.02331547, 'az': 10.39802, 'wx': -0.001199081, 'wy': 0.003597244}","{'ax': -0.1436521, 'ay': 1.817199, 'wz': -0.02411485, 'az': 10.38844, 'wx': -0.01825268, 'wy': 0.003996937}"
92.219,"{'ax': -0.308852, 'ay': 1.836353, 'wz': -0.02105054, 'az': 10.40759, 'wx': -0.01745329, 'wy': -0.0003996938}","{'ax': -0.3136404, 'ay': 1.833959, 'wz': -0.02358193, 'az': 10.40759, 'wx': -0.01718683, 'wy': -0.0003996938}"
92.239,"{'ax': -0.3471592, 'ay': 1.817199, 'wz': -0.02691271, 'az': 10.41717, 'wx': -0.002531394, 'wy': -0.0006661562}","{'ax': -0.3112462, 'ay': 1.740585, 'wz': -0.02198316, 'az': 10.37886, 'wx': -0.004396631, 'wy': 0.005196018}"
92.259,"{'ax': -0.3280056, 'ay': 1.836353, 'wz': -0.02384839, 'az': 10.33098, 'wx': -0.01745329, 'wy': 0.008393569}","{'ax': -0.3184288, 'ay': 1.826776, 'wz': -0.02251608, 'az': 10.39323, 'wx': -0.01745329, 'wy': 0.008260338}"
92.319,"{'ax': -0.1699883, 'ay': 1.836353, 'wz': -0.02371516, 'az': 10.37647, 'wx': -0.0007993876, 'wy': 0.008393569}","{'ax': -0.3136404, 'ay': 1.836353, 'wz': -0.02171669, 'az': 10.37647, 'wx': -0.01745329, 'wy': 0.007727413}"
92.339,"{'ax': -0.3136404, 'ay': 1.833959, 'wz': -0.02371516, 'az': 10.33577, 'wx': -0.01771976, 'wy': 0.007327719}","{'ax': -0.4046201, 'ay': 1.833959, 'wz': -0.02584686, 'az': 10.41717, 'wx': -0.001732006, 'wy': 0.003330781}"
92.399,"{'ax': -0.3423708, 'ay': 1.836353, 'wz': -0.01718683, 'az': 10.30943, 'wx': -0.002531394, 'wy': -0.0002664625}","{'ax': -0.308852, 'ay': 1.817199, 'wz': -0.01798622, 'az': 10.33577, 'wx': -0.01718683, 'wy': 0.007061255}"
92.419,"{'ax': -0.308852, 'ay': 1.795651, 'wz': -0.02464778, 'az': 10.41238, 'wx': -0.0006661562, 'wy': 0.008127107}","{'ax': -0.308852, 'ay': 1.759738, 'wz': -0.02145023, 'az': 10.37408, 'wx': -0.0002664625, 'wy': 0.007327719}"
92.439,"{'ax': -0.308852, 'ay': 1.836353, 'wz': -0.02571363, 'az': 10.37886, 'wx': -0.0006661562, 'wy': 0.008393569}","{'ax': -0.308852, 'ay': 1.833959, 'wz': -0.02571363, 'az': 10.36929, 'wx': -0.0001332312, 'wy': 0.008393569}"
92.499,"{'ax': -0.1651999, 'ay': 1.831564, 'wz': -0.02145023, 'az': 10.40759, 'wx': -0.0006661562, 'wy': 0.004130169}","{'ax': -0.1029507, 'ay': 1.833959, 'wz': -0.02038438, 'az': 10.40281, 'wx': -0.01758652, 'wy': 0.003996937}"
92.519,"{'ax': -0.3232172, 'ay': 1.824382, 'wz': -0.02145023, 'az': 10.10593, 'wx': -0.0003996938, 'wy': 0.007727413}","{'ax': -0.1580173, 'ay': 1.817199, 'wz': -0.02198316, 'az': 10.40999, 'wx': -0.01665391, 'wy': 0.008127107}"
92.539,"{'ax': -0.3232172, 'ay': 1.798046, 'wz': -0.0001332312, 'az': 10.38126, 'wx': -0.01318989, 'wy': 0.008393569}","{'ax': -0.308852, 'ay': 1.769315, 'wz': -0.02611332, 'az': 10.41717, 'wx': -0.0001332312, 'wy': 0.008260338}"
92.599,"{'ax': -0.1556231, 'ay': 1.759738, 'wz': -0.0191853, 'az': 10.41717, 'wx': -0.01358959, 'wy': 0.008393569}","{'ax': -0.308852, 'ay': 1.740585, 'wz': -0.01971822, 'az': 10.34056, 'wx': -0.01145789, 'wy': 0.008127107}"
92.619,"{'ax': -0.3112462, 'ay': 1.817199, 'wz': -0.01931853, 'az': 10.34056, 'wx': -0.0001332312, 'wy': 0.003730475}","{'ax': -0.3351882, 'ay': 1.817199, 'wz': -0.01745329, 'az': 10.11071, 'wx': -0.01745329, 'wy': 0.004130169}"
92.639,"{'ax': -0.08140286, 'ay': 1.836353, 'wz': -0.02198316, 'az': 10.35492, 'wx': -0.01452221, 'wy': 0.008393569}","{'ax': -0.1197101, 'ay': 1.836353, 'wz': -0.0001332312, 'az': 10.34056, 'wx': -0.002264931, 'wy': 0.008393569}"
92.659,"{'ax': -0.3280056, 'ay': 1.757344, 'wz': -0.02371516, 'az': 10.41478, 'wx': -0.01718683, 'wy': 0.007327719}","{'ax': -0.3567361, 'ay': 1.82917, 'wz': -0.0001332312, 'az': 10.39562, 'wx': -0.0006661562, 'wy': 0.008393569}"
92.719,"{'ax': -0.1651999, 'ay': 1.778892, 'wz': -0.0001332312, 'az': 10.41478, 'wx': -0.0001332312, 'wy': 0.005728943}","{'ax': -0.1651999, 'ay': 1.778892, 'wz': -0.0001332312, 'az': 10.41478, 'wx': -0.001199081, 'wy': 0.005728943}"
92.739,"{'ax': -0.3112462, 'ay': 1.831564, 'wz': -0.01825268, 'az': 10.32859, 'wx': -0.0002664625, 'wy': 0.008393569}","{'ax': -0.3112462, 'ay': 1.836353, 'wz': -0.01945176, 'az': 10.33337, 'wx': -0.0005329249, 'wy': 0.007860644}"
92.759,"{'ax': -0.320823, 'ay': 1.836353, 'wz': -0.01798622, 'az': 10.35013, 'wx': -0.02065084, 'wy': 0.006261868}","{'ax': -0.1675941, 'ay': 1.836353, 'wz': -0.02198316, 'az': 10.40759, 'wx': -0.01825268, 'wy': 0.006261868}"
92.819,"{'ax': -0.3471592, 'ay': 1.757344, 'wz': -0.01851914, 'az': 10.35492, 'wx': -0.0003996938, 'wy': 0.008393569}","{'ax': -0.1556231, 'ay': 1.740585, 'wz': -0.02637979, 'az': 10.37408, 'wx': -0.0002664625, 'wy': 0.007594181}"
92.839,"{'ax': -0.308852, 'ay': 1.750161, 'wz': -0.02398162, 'az': 10.41238, 'wx': -0.004396631, 'wy': 0.005595712}","{'ax': -0.3160346, 'ay': 1.766921, 'wz': -0.02571363, 'az': 10.33816, 'wx': -0.01718683, 'wy': 0.003863707}"
92.939,"{'ax': -0.1412579, 'ay': 1.817199, 'wz': -0.02198316, 'az': 10.34056, 'wx': -0.002398162, 'wy': 0.006661563}","{'ax': -0.3351882, 'ay': 1.750161, 'wz': -0.0251807, 'az': 10.41717, 'wx': -0.01825268, 'wy': 0.005595712}"
92.959,"{'ax': -0.3184288, 'ay': 1.817199, 'wz': -0.02171669, 'az': 10.33577, 'wx': -0.0006661562, 'wy': 0.006794794}","{'ax': -0.1747767, 'ay': 1.733402, 'wz': -0.02464778, 'az': 10.37408, 'wx': -0.01092496, 'wy': 0.005995406}"
93.079,"{'ax': -0.3303998, 'ay': 1.831564, 'wz': -0.0001332312, 'az': 10.31422, 'wx': -0.0005329249, 'wy': -0.002398162}","{'ax': -0.3136404, 'ay': 1.836353, 'wz': -0.02145023, 'az': 10.37886, 'wx': -0.003064319, 'wy': -0.0006661562}"
93.099,"{'ax': -0.1580173, 'ay': 1.788469, 'wz': -0.02251608, 'az': 10.4052, 'wx': -0.0003996938, 'wy': 0.006261868}","{'ax': -0.308852, 'ay': 1.807622, 'wz': -0.02571363, 'az': 10.41478, 'wx': -0.0006661562, 'wy': 0.007194488}"
93.119,"{'ax': -0.308852, 'ay': 1.798046, 'wz': -0.02491424, 'az': 10.39802, 'wx': -0.01718683, 'wy': 0.007594181}","{'ax': -0.1843535, 'ay': 1.836353, 'wz': -0.02464778, 'az': 10.40281, 'wx': -0.01771976, 'wy': 0.007327719}"
93.219,"{'ax': -0.1268927, 'ay': 1.807622, 'wz': -0.0003996938, 'az': 10.41478, 'wx': -0.01718683, 'wy': 0.01039204}","{'ax': -0.1556231, 'ay': 1.817199, 'wz': -0.0005329249, 'az': 10.2807, 'wx': -0.01931853, 'wy': -0.0006661562}"
93.319,"{'ax': -0.308852, 'ay': 1.798046, 'wz': -0.02358193, 'az': 10.35013, 'wx': -0.01718683, 'wy': 0.008393569}","{'ax': -0.308852, 'ay': 1.826776, 'wz': -0.02184992, 'az': 10.37886, 'wx': -0.01745329, 'wy': 0.007860644}"
93.339,"{'ax': -0.3280056, 'ay': 1.788469, 'wz': -0.02198316, 'az': 10.39323, 'wx': -0.01478867, 'wy': 0.007194488}","{'ax': -0.3136404, 'ay': 1.778892, 'wz': -0.02171669, 'az': 10.25437, 'wx': -0.01585452, 'wy': 0.007327719}"
93.399,"{'ax': -0.308852, 'ay': 1.807622, 'wz': -0.02251608, 'az': 10.33816, 'wx': -0.001199081, 'wy': -0.0006661562}","{'ax': -0.308852, 'ay': 1.807622, 'wz': -0.02145023, 'az': 10.33816, 'wx': -0.0006661562, 'wy': -0.0001332312}"
93.419,"{'ax': -0.1963245, 'ay': 1.836353, 'wz': -0.0001332312, 'az': 10.40999, 'wx': -0.01718683, 'wy': 0.004130169}","{'ax': -0.1556231, 'ay': 1.836353, 'wz': -0.02358193, 'az': 10.32859, 'wx': -0.01465544, 'wy': 0.004929556}"
93.479,"{'ax': -0.09337386, 'ay': 1.836353, 'wz': -0.02145023, 'az': 10.37408, 'wx': -0.01732006, 'wy': 0.007860644}","{'ax': -0.1556231, 'ay': 1.78368, 'wz': -0.02384839, 'az': 10.24958, 'wx': -0.01718683, 'wy': -0.0001332312}"
93.499,"{'ax': -0.1651999, 'ay': 1.788469, 'wz': -0.02571363, 'az': 10.33098, 'wx': -0.001199081, 'wy': 0.0042634}","{'ax': -0.3280056, 'ay': 1.826776, 'wz': -0.02611332, 'az': 10.37647, 'wx': -0.001998468, 'wy': 0.007993874}"
93.519,"{'ax': -0.3184288, 'ay': 1.836353, 'wz': -0.01945176, 'az': 10.39323, 'wx': -0.0001332312, 'wy': 0.008260338}","{'ax': -0.1556231, 'ay': 1.836353, 'wz': -0.02224962, 'az': 10.33577, 'wx': -0.009725882, 'wy': 0.007061255}"
93.579,"{'ax': -0.1795651, 'ay': 1.824382, 'wz': -0.02358193, 'az': 10.41478, 'wx': -0.0001332312, 'wy': 0.01252374}","{'ax': -0.1556231, 'ay': 1.831564, 'wz': -0.02358193, 'az': 10.41717, 'wx': -0.0001332312, 'wy': 0.007727413}"
93.599,"{'ax': -0.1556231, 'ay': 1.788469, 'wz': -0.023049, 'az': 10.41238, 'wx': -0.01732006, 'wy': 0.008393569}","{'ax': -0.1556231, 'ay': 1.833959, 'wz': -0.02251608, 'az': 10.37647, 'wx': -0.002797856, 'wy': 0.006794794}"
93.619,"{'ax': -0.3232172, 'ay': 1.759738, 'wz': -0.02184992, 'az': 10.35971, 'wx': -0.0005329249, 'wy': 0.008127107}","{'ax': -0.3423708, 'ay': 1.833959, 'wz': -0.01718683, 'az': 10.37647, 'wx': -0.0001332312, 'wy': 0.008127107}"
93.679,"{'ax': -0.308852, 'ay': 1.790863, 'wz': -0.02384839, 'az': 10.40999, 'wx': -0.0003996938, 'wy': 0.004130169}","{'ax': -0.308852, 'ay': 1.790863, 'wz': -0.02424809, 'az': 10.40999, 'wx': -0.0007993876, 'wy': 0.008393569}"
93.699,"{'ax': -0.308852, 'ay': 1.778892, 'wz': -0.02198316, 'az': 10.38844, 'wx': -0.01505513, 'wy': 0.008260338}","{'ax': -0.308852, 'ay': 1.833959, 'wz': -0.02371516, 'az': 10.35971, 'wx': -0.0001332312, 'wy': 0.007327719}"
93.719,"{'ax': -0.308852, 'ay': 1.824382, 'wz': -0.02571363, 'az': 10.31662, 'wx': -0.0009326189, 'wy': -0.0006661562}","{'ax': -0.1556231, 'ay': 1.836353, 'wz': -0.001332312, 'az': 10.26394, 'wx': -0.001199081, 'wy': 0.006261868}"
93.779,"{'ax': -0.1364695, 'ay': 1.798046, 'wz': -0.0001332312, 'az': 10.41717, 'wx': -0.0002664625, 'wy': 0.008393569}","{'ax': -0.1364695, 'ay': 1.766921, 'wz': -0.0002664625, 'az': 10.35971, 'wx': -0.0001332312, 'wy': 0.007194488}"
93.799,"{'ax': -0.3160346, 'ay': 1.817199, 'wz': -0.02624655, 'az': 10.41717, 'wx': -0.01838591, 'wy': 0.007327719}","{'ax': -0.3160346, 'ay': 1.817199, 'wz': -0.02624655, 'az': 10.41717, 'wx': -0.01878561, 'wy': 0.008127107}"
93.819,"{'ax': -0.308852, 'ay': 1.836353, 'wz': -0.02291577, 'az': 10.34056, 'wx': -0.01745329, 'wy': 0.008393569}","{'ax': -0.1556231, 'ay': 1.817199, 'wz': -0.02158346, 'az': 10.34056, 'wx': -0.01718683, 'wy': 0.01052527}"
93.839,"{'ax': -0.1604115, 'ay': 1.831564, 'wz': -0.01931853, 'az': 10.4052, 'wx': -0.0006661562, 'wy': 0.01478867}","{'ax': -0.1747767, 'ay': 1.836353, 'wz': -0.01718683, 'az': 10.41238, 'wx': -0.0001332312, 'wy': 0.006261868}"
93.859,"{'ax': -0.3878607, 'ay': 1.814805, 'wz': -0.02611332, 'az': 10.26394, 'wx': -0.001732006, 'wy': 0.003863707}","{'ax': -0.3112462, 'ay': 1.759738, 'wz': -0.02291577, 'az': 10.25437, 'wx': -0.01665391, 'wy': 0.003863707}"
93.919,"{'ax': -0.3280056, 'ay': 1.836353, 'wz': -0.002264931, 'az': 10.41717, 'wx': -0.01771976, 'wy': 0.01505513}","{'ax': -0.3663129, 'ay': 1.814805, 'wz': -0.00106585, 'az': 10.39802, 'wx': -0.01985146, 'wy': 0.008393569}"
93.939,"{'ax': -0.1556231, 'ay': 1.798046, 'wz': -0.02598009, 'az': 10.41478, 'wx': -0.01505513, 'wy': 0.008393569}","{'ax': -0.1556231, 'ay': 1.798046, 'wz': -0.02571363, 'az': 10.41478, 'wx': -0.0006661562, 'wy': 0.008127107}"
93.959,"{'ax': -0.320823, 'ay': 1.740585, 'wz': -0.02145023, 'az': 10.37647, 'wx': -0.01452221, 'wy': 0.005728943}","{'ax': -0.3591303, 'ay': 1.759738, 'wz': -0.02251608, 'az': 10.40759, 'wx': -0.0002664625, 'wy': 0.005196018}"
94.019,"{'ax': -0.332794, 'ay': 1.798046, 'wz': -0.02145023, 'az': 10.40759, 'wx': -0.0007993876, 'wy': -0.001199081}","{'ax': -0.308852, 'ay': 1.836353, 'wz': -0.02171669, 'az': 10.41717, 'wx': -0.001865238, 'wy': 0.004663095}"
94.039,"{'ax': -0.3112462, 'ay': 1.821988, 'wz': -0.02198316, 'az': 10.25197, 'wx': -0.001199081, 'wy': 0.002797856}","{'ax': -0.1795651, 'ay': 1.836353, 'wz': -0.02464778, 'az': 10.26394, 'wx': -0.001199081, 'wy': 0.004130169}"
94.099,"{'ax': -0.1316811, 'ay': 1.826776, 'wz': -0.00106585, 'az': 10.39802, 'wx': -0.01838591, 'wy': -0.0006661562}","{'ax': -0.1580173, 'ay': 1.836353, 'wz': -0.002398162, 'az': 10.36929, 'wx': -0.01798622, 'wy': -0.0007993876}"
94.119,"{'ax': -0.1604115, 'ay': 1.833959, 'wz': -0.02438132, 'az': 10.38365, 'wx': -0.01931853, 'wy': 0.0002664625}","{'ax': -0.1604115, 'ay': 1.812411, 'wz': -0.02504747, 'az': 10.35013, 'wx': -0.01931853, 'wy': -0.0001332312}"
94.139,"{'ax': -0.3136404, 'ay': 1.750161, 'wz': -0.02571363, 'az': 10.34056, 'wx': -0.0001332312, 'wy': 0.003064319}","{'ax': -0.3184288, 'ay': 1.75495, 'wz': -0.02611332, 'az': 10.38365, 'wx': -0.003464013, 'wy': 0.006261868}"
94.199,"{'ax': -0.1244985, 'ay': 1.771709, 'wz': -0.02145023, 'az': 10.36929, 'wx': -0.01718683, 'wy': -0.0001332312}","{'ax': -0.3495534, 'ay': 1.798046, 'wz': -0.02571363, 'az': 10.30225, 'wx': -0.001199081, 'wy': -0.001199081}"
94.219,"{'ax': -0.1460463, 'ay': 1.781286, 'wz': -0.02224962, 'az': 10.3645, 'wx': -0.01398928, 'wy': -0.0001332312}","{'ax': -0.1460463, 'ay': 1.781286, 'wz': -0.02238285, 'az': 10.3645, 'wx': -0.01452221, 'wy': 0.007194488}"
94.239,"{'ax': -0.1173159, 'ay': 1.836353, 'wz': -0.002264931, 'az': 10.41717, 'wx': -0.002931087, 'wy': 0.003464013}","{'ax': -0.1316811, 'ay': 1.836353, 'wz': -0.001199081, 'az': 10.40759, 'wx': -0.01745329, 'wy': -0.0001332312}"
94.299,"{'ax': -0.1556231, 'ay': 1.836353, 'wz': -0.02171669, 'az': 10.26394, 'wx': -0.01532159, 'wy': 0.008393569}","{'ax': -0.09097966, 'ay': 1.817199, 'wz': -0.02371516, 'az': 10.37886, 'wx': -0.0001332312, 'wy': 0.007860644}"
94.319,"{'ax': -0.1244985, 'ay': 1.807622, 'wz': -0.02145023, 'az': 10.23042, 'wx': -0.001465544, 'wy': 0.006261868}","{'ax': -0.1651999, 'ay': 1.752556, 'wz': -0.02211639, 'az': 10.39802, 'wx': -0.01692037, 'wy': 0.003064319}"
94.339,"{'ax': -0.3591303, 'ay': 1.750161, 'wz': -0.02398162, 'az': 10.41717, 'wx': -0.0007993876, 'wy': 0.008393569}","{'ax': -0.3112462, 'ay': 1.836353, 'wz': -0.0005329249, 'az': 10.39802, 'wx': -0.003330781, 'wy': 0.007327719}"
94.359,"{'ax': -0.1747767, 'ay': 1.759738, 'wz': -0.02358193, 'az': 10.31183, 'wx': -0.01771976, 'wy': 0.008393569}","{'ax': -0.1651999, 'ay': 1.759738, 'wz': -0.02198316, 'az': 10.29267, 'wx': -0.01798622, 'wy': 0.007327719}"
94.379,"{'ax': -0.308852, 'ay': 1.757344, 'wz': -0.02158346, 'az': 10.26155, 'wx': -0.01758652, 'wy': -0.002264931}","{'ax': -0.1556231, 'ay': 1.807622, 'wz': -0.02145023, 'az': 10.34056, 'wx': -0.004929556, 'wy': -0.001998468}"
94.439,"{'ax': -0.1580173, 'ay': 1.781286, 'wz': -0.02145023, 'az': 10.39802, 'wx': -0.0006661562, 'wy': 0.006261868}","{'ax': -0.1580173, 'ay': 1.836353, 'wz': -0.02198316, 'az': 10.34056, 'wx': -0.01185758, 'wy': 0.007727413}"
94.459,"{'ax': -0.308852, 'ay': 1.836353, 'wz': -0.02278254, 'az': 10.41238, 'wx': -0.001998468, 'wy': -0.0002664625}","{'ax': -0.1388637, 'ay': 1.82917, 'wz': -0.02145023, 'az': 10.37647, 'wx': -0.001465544, 'wy': 0.008393569}"
94.479,"{'ax': -0.1747767, 'ay': 1.807622, 'wz': -0.02264931, 'az': 10.26394, 'wx': -0.00106585, 'wy': 0.003863707}","{'ax': -0.3112462, 'ay': 1.817199, 'wz': -0.02358193, 'az': 10.26394, 'wx': -0.0001332312, 'wy': -0.0005329249}"
94.499,"{'ax': -0.3567361, 'ay': 1.821988, 'wz': -0.02145023, 'az': 10.30225, 'wx': -0.002264931, 'wy': 0.005462481}","{'ax': -0.3184288, 'ay': 1.836353, 'wz': -0.01958499, 'az': 10.33816, 'wx': -0.002264931, 'wy': 0.005862175}"
94.559,"{'ax': -0.04070143, 'ay': 1.824382, 'wz': -0.02371516, 'az': 10.41717, 'wx': -0.001865238, 'wy': -0.0006661562}","{'ax': -0.01197101, 'ay': 1.814805, 'wz': -0.0001332312, 'az': 10.41717, 'wx': -0.0006661562, 'wy': -0.001332312}"
94.579,"{'ax': -0.3232172, 'ay': 1.836353, 'wz': -0.02158346, 'az': 10.40999, 'wx': -0.01318989, 'wy': 0.008393569}","{'ax': -0.308852, 'ay': 1.836353, 'wz': -0.01958499, 'az': 10.41238, 'wx': -0.01398928, 'wy': -0.0006661562}"
94.639,"{'ax': -0.1604115, 'ay': 1.817199, 'wz': -0.02358193, 'az': 10.09156, 'wx': -0.01785299, 'wy': -0.0006661562}","{'ax': -0.1699883, 'ay': 1.757344, 'wz': -0.02358193, 'az': 10.08198, 'wx': -0.01811945, 'wy': -0.002931087}"
94.659,"{'ax': -0.1173159, 'ay': 1.778892, 'wz': -0.0001332312, 'az': 10.37886, 'wx': -0.01718683, 'wy': 0.01652068}","{'ax': -0.308852, 'ay': 1.759738, 'wz': -0.02251608, 'az': 10.41238, 'wx': -0.0007993876, 'wy': 0.007327719}"
94.719,"{'ax': -0.1125275, 'ay': 1.826776, 'wz': -0.0001332312, 'az': 10.37886, 'wx': -0.01478867, 'wy': 0.007327719}","{'ax': -0.06464344, 'ay': 1.817199, 'wz': -0.02571363, 'az': 10.31662, 'wx': -0.01505513, 'wy': 0.007860644}"
94.739,"{'ax': -0.1556231, 'ay': 1.802834, 'wz': -0.02571363, 'az': 10.09635, 'wx': -0.002264931, 'wy': 0.0009326189}","{'ax': -0.3112462, 'ay': 1.781286, 'wz': -0.02264931, 'az': 10.34056, 'wx': -0.002264931, 'wy': 0.003064319}"
94.759,"{'ax': -0.1460463, 'ay': 1.759738, 'wz': -0.02571363, 'az': 10.36929, 'wx': -0.0009326189, 'wy': 0.007594181}","{'ax': -0.4046201, 'ay': 1.831564, 'wz': -0.02145023, 'az': 10.36929, 'wx': -0.0001332312, 'wy': 0.006261868}"
94.819,"{'ax': -0.3519476, 'ay': 1.750161, 'wz': -0.01931853, 'az': 10.41717, 'wx': -0.01732006, 'wy': 0.01438898}","{'ax': -0.3567361, 'ay': 1.814805, 'wz': -0.02145023, 'az': 10.39802, 'wx': -0.01771976, 'wy': 0.008260338}"
94.879,"{'ax': -0.1556231, 'ay': 1.831564, 'wz': -0.01838591, 'az': 10.41478, 'wx': -0.0007993876, 'wy': -0.0003996938}","{'ax': -0.3136404, 'ay': 1.75495, 'wz': -0.02198316, 'az': 10.39562, 'wx': -0.01745329, 'wy': -0.0001332312}"
94.899,"{'ax': -0.1628057, 'ay': 1.805228, 'wz': -0.02171669, 'az': 10.39802, 'wx': -0.001998468, 'wy': -0.0001332312}","{'ax': -0.1628057, 'ay': 1.814805, 'wz': -0.02171669, 'az': 10.39802, 'wx': -0.001465544, 'wy': 0.008393569}"
94.919,"{'ax': -0.3136404, 'ay': 1.740585, 'wz': -0.02158346, 'az': 10.40281, 'wx': -0.01878561, 'wy': 0.008127107}","{'ax': -0.09816227, 'ay': 1.831564, 'wz': -0.01878561, 'az': 10.37886, 'wx': -0.003330781, 'wy': 0.01239051}"
94.979,"{'ax': -0.3184288, 'ay': 1.833959, 'wz': -0.0001332312, 'az': 10.34056, 'wx': -0.0006661562, 'wy': 0.007460951}","{'ax': -0.3184288, 'ay': 1.778892, 'wz': -0.02677948, 'az': 10.35971, 'wx': -0.01572129, 'wy': 0.008393569}"
95.039,"{'ax': -0.1460463, 'ay': 1.807622, 'wz': -0.02358193, 'az': 10.41717, 'wx': -0.01732006, 'wy': 0.008393569}","{'ax': -0.308852, 'ay': 1.807622, 'wz': -0.02091731, 'az': 10.35971, 'wx': -0.01745329, 'wy': 0.01478867}"
95.059,"{'ax': -0.3184288, 'ay': 1.810017, 'wz': -0.02584686, 'az': 10.41717, 'wx': -0.01945176, 'wy': 0.007860644}","{'ax': -0.1604115, 'ay': 1.75495, 'wz': -0.02584686, 'az': 10.41238, 'wx': -0.00319755, 'wy': 0.006261868}"
95.079,"{'ax': -0.320823, 'ay': 1.836353, 'wz': -0.01758652, 'az': 10.09635, 'wx': -0.01825268, 'wy': 0.01598775}","{'ax': -0.3184288, 'ay': 1.836353, 'wz': -0.02651302, 'az': 10.41717, 'wx': -0.001865238, 'wy': 0.008127107}"
95.139,"{'ax': -0.1077391, 'ay': 1.824382, 'wz': -0.007194488, 'az': 19.59654, 'wx': -0.02571363, 'wy': -0.0001332312}","{'ax': -0.6320692, 'ay': 1.826776, 'wz': -0.005462481, 'az': 19.53669, 'wx': -0.003597244, 'wy': -0.01825268}"
95.159,"{'ax': -0.002394202, 'ay': 1.802834, 'wz': -0.009725882, 'az': 10.41238, 'wx': 0.09792496, 'wy': -0.004529862}","{'ax': -0.01197101, 'ay': 1.740585, 'wz': -0.001199081, 'az': 10.39802, 'wx': -0.0001332312, 'wy': -0.001332312}"
95.219,"{'ax': -0.3184288, 'ay': 1.793257, 'wz': -0.01825268, 'az': 10.30225, 'wx': -0.006128637, 'wy': 0.006261868}","{'ax': -0.3711013, 'ay': 1.833959, 'wz': -0.01838591, 'az': 10.33098, 'wx': -0.00652833, 'wy': 0.008127107}"
95.239,"{'ax': -0.09816227, 'ay': 1.836353, 'wz': -0.0002664625, 'az': 10.41478, 'wx': -0.02891118, 'wy': -0.0001332312}","{'ax': -0.320823, 'ay': 1.80044, 'wz': -0.02598009, 'az': 10.41238, 'wx': -0.03050995, 'wy': 0.003996937}"
95.259,"{'ax': -0.07900865, 'ay': 1.757344, 'wz': -0.02198316, 'az': 10.11071, 'wx': -0.01771976, 'wy': -0.0001332312}","{'ax': -0.1556231, 'ay': 1.742979, 'wz': -0.02238285, 'az': 10.11071, 'wx': -0.01771976, 'wy': 0.006261868}"
95.279,"{'ax': -0.1221043, 'ay': 1.798046, 'wz': -0.02198316, 'az': 10.41478, 'wx': -0.01518836, 'wy': 0.006794794}","{'ax': -0.1221043, 'ay': 1.836353, 'wz': -0.01851914, 'az': 10.37647, 'wx': -0.01225727, 'wy': 0.007460951}"
95.299,"{'ax': -0.3112462, 'ay': 1.831564, 'wz': -0.02384839, 'az': 10.26394, 'wx': -0.01292343, 'wy': 0.008393569}","{'ax': -0.3351882, 'ay': 1.833959, 'wz': -0.02411485, 'az': 10.36211, 'wx': -0.01292343, 'wy': 0.008127107}"
95.319,"{'ax': -0.3280056, 'ay': 1.788469, 'wz': -0.02651302, 'az': 10.37408, 'wx': -0.02171669, 'wy': -0.0003996938}","{'ax': -0.3280056, 'ay': 1.831564, 'wz': -0.02624655, 'az': 10.26155, 'wx': -0.01825268, 'wy': -0.0001332312}"
95.339,"{'ax': -0.1556231, 'ay': 1.719037, 'wz': -0.02571363, 'az': 10.41478, 'wx': -0.003330781, 'wy': -0.003064319}","{'ax': -0.3280056, 'ay': 1.75495, 'wz': -0.0255804, 'az': 10.25915, 'wx': -0.01732006, 'wy': -0.001598775}"
95.359,"{'ax': -0.1388637, 'ay': 1.812411, 'wz': -0.02145023, 'az': 10.34056, 'wx': -0.01305666, 'wy': 0.01692037}","{'ax': -0.1197101, 'ay': 1.798046, 'wz': -0.01745329, 'az': 10.37886, 'wx': -0.01505513, 'wy': 0.01678714}"
95.379,"{'ax': -0.1556231, 'ay': 1.833959, 'wz': -0.02598009, 'az': 10.34056, 'wx': -0.001199081, 'wy': 0.006128637}","{'ax': -0.1221043, 'ay': 1.836353, 'wz': -0.00106585, 'az': 10.30225, 'wx': -0.002264931, 'wy': -0.0006661562}"
95.399,"{'ax': -0.1604115, 'ay': 1.836353, 'wz': -0.02224962, 'az': 10.37886, 'wx': -0.01771976, 'wy': 0.004130169}","{'ax': -0.3136404, 'ay': 1.836353, 'wz': -0.02384839, 'az': 10.41238, 'wx': -0.01718683, 'wy': -0.0005329249}"
95.459,"{'ax': -0.1628057, 'ay': 1.802834, 'wz': -0.01825268, 'az': 10.36929, 'wx': -0.0009326189, 'wy': 0.008393569}","{'ax': -0.1651999, 'ay': 1.814805, 'wz': -0.02158346, 'az': 10.37647, 'wx': -0.002797856, 'wy': 0.01692037}"
95.479,"{'ax': -0.3136404, 'ay': 1.824382, 'wz': -0.02358193, 'az': 10.39802, 'wx': -0.0006661562, 'wy': 0.005196018}","{'ax': -0.3112462, 'ay': 1.817199, 'wz': -0.02198316, 'az': 10.40759, 'wx': -0.0002664625, 'wy': 0.008393569}"
95.499,"{'ax': -0.308852, 'ay': 1.798046, 'wz': -0.0003996938, 'az': 10.34056, 'wx': -0.004529862, 'wy': 0.01572129}","{'ax': -0.1699883, 'ay': 1.790863, 'wz': -0.001332312, 'az': 10.39802, 'wx': -0.01518836, 'wy': 0.01692037}"
95.519,"{'ax': -0.1651999, 'ay': 1.735796, 'wz': -0.02251608, 'az': 10.39562, 'wx': -0.01732006, 'wy': -0.0006661562}","{'ax': -0.1843535, 'ay': 1.726219, 'wz': -0.0003996938, 'az': 10.41717, 'wx': -0.01958499, 'wy': 0.005728943}"
95.539,"{'ax': -0.3232172, 'ay': 1.836353, 'wz': -0.02571363, 'az': 10.37886, 'wx': -0.002531394, 'wy': 0.007594181}","{'ax': -0.1891419, 'ay': 1.836353, 'wz': -0.02291577, 'az': 10.39802, 'wx': -0.01931853, 'wy': 0.003996937}"
95.559,"{'ax': -0.1747767, 'ay': 1.836353, 'wz': -0.02251608, 'az': 10.41717, 'wx': -0.01239051, 'wy': 0.005196018}","{'ax': -0.1556231, 'ay': 1.817199, 'wz': -0.02411485, 'az': 10.41238, 'wx': -0.0006661562, 'wy': 0.007860644}"
95.579,"{'ax': -0.1292869, 'ay': 1.836353, 'wz': -0.0001332312, 'az': 10.40999, 'wx': -0.01745329, 'wy': 0.007993874}","{'ax': -0.09337386, 'ay': 1.824382, 'wz': -0.0001332312, 'az': 10.41717, 'wx': -0.01825268, 'wy': -0.0006661562}"
95.599,"{'ax': -0.1412579, 'ay': 1.836353, 'wz': -0.02224962, 'az': 10.29986, 'wx': -0.0001332312, 'wy': 0.008393569}","{'ax': -0.1580173, 'ay': 1.824382, 'wz': -0.02224962, 'az': 10.3214, 'wx': -0.0001332312, 'wy': 0.008393569}"
